order_id,order_type,cust_id,order_date,delivery_date,tot_units,displayed_selling_price_per_unit,total_amount_paid,product_id,delivery_person_id,payment_type,delivery_pincode
10000000001,buy,10000009,2020-01-01,2020-01-03,2,73500,138180,12349,1000003,cash,500001
10000000002,buy,10000004,2020-01-01,2020-01-04,9,67500,577125,12349,1000005,cash,700001
10000000003,buy,10000012,2020-01-01,2020-01-02,2,60750,119070,12349,1000002,netbanking,400001
10000000004,buy,10000012,2020-01-01,2020-01-03,8,736,5824,12347,1000010,cash,600001
10000000005,buy,10000008,2020-01-01,2020-01-06,1,60750,57105,12349,1000003,debit,500001
10000000006,buy,10000007,2020-01-01,2020-01-06,8,773,6120,12350,1000005,netbanking,700001
10000000007,buy,10000012,2020-01-02,2020-01-07,8,833,6528,12350,1000002,credit,400001
10000000008,buy,10000009,2020-01-02,2020-01-12,4,1012,3924,12348,1000002,credit,400001
10000000009,buy,10000001,2020-01-02,2020-01-07,4,1045,3844,12348,1000006,cash,400001
10000000010,buy,10000007,2020-01-03,2020-01-10,5,756,3475,12350,1000008,debit,110001
10000000011,buy,10000012,2020-01-03,2020-01-09,6,902,5298,12348,1000010,credit,600001
10000000012,buy,10000011,2020-01-03,2020-01-10,7,968,6503,12348,1000009,cash,400001
10000000013,buy,10000003,2020-01-04,2020-01-14,1,1200,1116,12345,1000002,netbanking,400001
10000000014,buy,10000002,2020-01-04,2020-01-06,6,648,3810,12347,1000005,netbanking,700001
10000000015,buy,10000009,2020-01-04,2020-01-06,10,946,8790,12348,1000003,netbanking,500001
10000000016,buy,10000004,2020-01-04,2020-01-07,5,656,3015,12347,1000007,netbanking,700001
10000000017,buy,10000011,2020-01-04,2020-01-06,1,77600,76048,12346,1000003,cash,500001
10000000018,buy,10000012,2020-01-04,2020-01-08,4,1410,5356,12345,1000002,cash,400001
10000000019,buy,10000009,2020-01-05,2020-01-08,3,1275,3672,12345,1000004,netbanking,400001
10000000020,buy,10000011,2020-01-05,2020-01-14,3,760,2052,12347,1000007,debit,700001
10000000021,buy,10000006,2020-01-05,2020-01-08,1,66000,65340,12349,1000002,debit,400001
10000000022,buy,10000003,2020-01-06,2020-01-16,3,73500,209475,12349,1000005,cash,700001
10000000023,buy,10000014,2020-01-06,2020-01-14,8,968,7120,12348,1000001,netbanking,560001
10000000024,buy,10000011,2020-01-06,2020-01-07,9,68250,565110,12349,1000009,cash,400001
10000000025,buy,10000014,2020-01-07,2020-01-16,10,736,7060,12347,1000004,debit,400001
10000000026,buy,10000003,2020-01-07,2020-01-17,8,64800,466560,12346,1000006,cash,400001
10000000027,buy,10000012,2020-01-07,2020-01-12,1,728,684,12347,1000006,cash,400001
10000000028,buy,10000009,2020-01-07,2020-01-14,8,1425,10368,12345,1000008,cash,110001
10000000029,buy,10000006,2020-01-08,2020-01-12,4,1245,4480,12345,1000010,cash,600001
10000000029,return,10000006,2020-01-15,2020-01-24,4,1245,-4480,12345,1000010,cash,600001
10000000030,buy,10000007,2020-01-08,2020-01-13,3,957,2610,12348,1000008,netbanking,110001
10000000031,buy,10000001,2020-01-09,2020-01-12,7,74400,515592,12346,1000001,debit,560001
10000000032,buy,10000005,2020-01-09,2020-01-13,6,1470,8022,12345,1000006,netbanking,400001
10000000033,buy,10000004,2020-01-09,2020-01-18,4,760,2736,12347,1000006,credit,400001
10000000034,buy,10000014,2020-01-09,2020-01-13,4,760,2976,12347,1000001,credit,560001
10000000035,buy,10000010,2020-01-10,2020-01-12,9,1380,12294,12345,1000003,debit,500001
10000000036,buy,10000014,2020-01-10,2020-01-11,10,720,6760,12347,1000002,credit,400001
10000000037,buy,10000012,2020-01-10,2020-01-16,7,946,6020,12348,1000010,netbanking,600001
10000000038,buy,10000009,2020-01-10,2020-01-17,1,76800,73728,12346,1000007,cash,700001
10000000039,buy,10000010,2020-01-11,2020-01-12,6,648,3768,12347,1000006,cash,400001
10000000040,buy,10000002,2020-01-11,2020-01-19,6,1395,7530,12345,1000007,credit,700001
10000000041,buy,10000006,2020-01-11,2020-01-21,6,69600,388368,12346,1000008,netbanking,110001
10000000042,buy,10000004,2020-01-11,2020-01-13,1,891,855,12348,1000001,netbanking,560001
10000000043,buy,10000003,2020-01-12,2020-01-21,3,720,2094,12347,1000003,cash,500001
10000000044,buy,10000005,2020-01-12,2020-01-16,6,824,4548,12350,1000001,netbanking,560001
10000000045,buy,10000012,2020-01-13,2020-01-23,9,61500,536895,12349,1000008,netbanking,110001
10000000046,buy,10000013,2020-01-13,2020-01-23,5,73500,363825,12349,1000003,cash,500001
10000000047,buy,10000001,2020-01-13,2020-01-18,5,74250,341550,12349,1000009,credit,400001
10000000048,buy,10000012,2020-01-13,2020-01-17,10,1410,12970,12345,1000003,cash,500001
10000000049,buy,10000004,2020-01-13,2020-01-20,1,790,734,12350,1000010,netbanking,600001
10000000050,buy,10000014,2020-01-13,2020-01-22,8,913,7152,12348,1000005,debit,700001
10000000051,buy,10000003,2020-01-14,2020-01-24,4,67500,256500,12349,1000009,cash,400001
10000000052,buy,10000008,2020-01-14,2020-01-16,1,64500,60630,12349,1000003,cash,500001
10000000053,buy,10000010,2020-01-14,2020-01-17,8,1410,10712,12345,1000007,cash,700001
10000000054,buy,10000010,2020-01-14,2020-01-15,6,65600,358176,12346,1000001,netbanking,560001
10000000055,buy,10000002,2020-01-15,2020-01-20,6,744,4284,12347,1000009,credit,400001
10000000056,buy,10000006,2020-01-15,2020-01-18,5,63000,289800,12349,1000001,netbanking,560001
10000000057,buy,10000014,2020-01-16,2020-01-22,4,1320,4908,12345,1000001,credit,560001
10000000058,buy,10000008,2020-01-16,2020-01-19,5,807,3630,12350,1000004,cash,400001
10000000059,buy,10000013,2020-01-16,2020-01-22,1,1245,1120,12345,1000003,credit,500001
10000000059,return,10000013,2020-01-24,2020-01-30,1,1245,-1120,12345,1000003,credit,500001
10000000060,buy,10000014,2020-01-16,2020-01-17,2,748,1346,12350,1000003,debit,500001
10000000061,buy,10000004,2020-01-16,2020-01-25,4,1200,4560,12345,1000007,cash,700001
10000000062,buy,10000003,2020-01-16,2020-01-17,4,1320,5172,12345,1000009,credit,400001
10000000063,buy,10000006,2020-01-17,2020-01-26,3,65250,184005,12349,1000009,netbanking,400001
10000000064,buy,10000006,2020-01-17,2020-01-22,3,776,2280,12347,1000009,netbanking,400001
10000000065,buy,10000011,2020-01-17,2020-01-21,4,824,3064,12350,1000003,netbanking,500001
10000000066,buy,10000009,2020-01-17,2020-01-23,7,790,5138,12350,1000005,cash,700001
10000000067,buy,10000010,2020-01-18,2020-01-25,8,913,6568,12348,1000008,credit,110001
10000000068,buy,10000008,2020-01-18,2020-01-21,6,63000,347760,12349,1000006,debit,400001
10000000069,buy,10000012,2020-01-18,2020-01-22,3,880,2376,12348,1000002,cash,400001
10000000070,buy,10000002,2020-01-18,2020-01-22,3,776,2280,12347,1000003,debit,500001
10000000071,buy,10000007,2020-01-18,2020-01-20,8,1034,7936,12348,1000002,cash,400001
10000000072,buy,10000004,2020-01-19,2020-01-22,7,1245,8540,12345,1000003,credit,500001
10000000073,buy,10000009,2020-01-19,2020-01-23,1,705,662,12350,1000001,cash,560001
10000000074,buy,10000004,2020-01-20,2020-01-30,8,76000,595840,12346,1000001,debit,560001
10000000075,buy,10000014,2020-01-20,2020-01-29,2,714,1398,12350,1000008,netbanking,110001
10000000076,buy,10000001,2020-01-20,2020-01-29,6,72000,406080,12346,1000005,netbanking,700001
10000000077,buy,10000008,2020-01-20,2020-01-28,5,64800,294840,12346,1000008,netbanking,110001
10000000078,buy,10000008,2020-01-21,2020-01-29,5,714,3320,12350,1000003,credit,500001
10000000079,buy,10000005,2020-01-21,2020-01-27,8,1260,9976,12345,1000006,cash,400001
10000000080,buy,10000006,2020-01-21,2020-01-27,7,69000,478170,12349,1000008,credit,110001
10000000081,buy,10000004,2020-01-22,2020-01-28,7,807,5362,12350,1000008,credit,110001
10000000082,buy,10000011,2020-01-22,2020-01-26,2,63750,119850,12349,1000010,cash,600001
10000000083,buy,10000008,2020-01-23,2020-01-30,3,69600,202536,12346,1000003,cash,500001
10000000083,return,10000008,2020-01-30,2020-02-02,3,69600,-202536,12346,1000003,cash,500001
10000000084,buy,10000014,2020-01-23,2020-01-29,7,65600,431648,12346,1000004,cash,400001
10000000085,buy,10000005,2020-01-24,2020-01-30,4,71250,267900,12349,1000008,cash,110001
10000000086,buy,10000007,2020-01-24,2020-02-02,8,69600,523392,12346,1000008,netbanking,110001
10000000087,buy,10000013,2020-01-24,2020-01-27,9,68250,608103,12349,1000008,cash,110001
10000000088,buy,10000013,2020-01-24,2020-02-01,2,1305,2374,12345,1000006,debit,400001
10000000089,buy,10000003,2020-01-24,2020-01-26,7,1365,9268,12345,1000001,cash,560001
10000000090,buy,10000006,2020-01-24,2020-01-27,3,765,2157,12350,1000001,debit,560001
10000000091,buy,10000001,2020-01-25,2020-02-01,6,680,3672,12350,1000006,netbanking,400001
10000000092,buy,10000011,2020-01-25,2020-01-27,10,1012,9810,12348,1000005,credit,700001
10000000093,buy,10000008,2020-01-25,2020-01-31,1,68000,62560,12346,1000007,credit,700001
10000000094,buy,10000003,2020-01-25,2020-01-30,2,70400,136576,12346,1000008,cash,110001
10000000094,return,10000003,2020-02-02,2020-02-04,2,70400,-136576,12346,1000008,cash,110001
10000000095,buy,10000004,2020-01-25,2020-01-31,4,1350,5236,12345,1000001,cash,560001
10000000096,buy,10000009,2020-01-25,2020-01-26,6,76000,446880,12346,1000005,credit,700001
10000000097,buy,10000001,2020-01-26,2020-01-30,10,72750,669300,12349,1000006,credit,400001
10000000098,buy,10000013,2020-01-26,2020-01-29,7,1215,7994,12345,1000003,credit,500001
10000000099,buy,10000001,2020-01-26,2020-01-28,4,990,3600,12348,1000010,debit,600001
10000000100,buy,10000009,2020-01-26,2020-02-05,3,1485,4365,12345,1000003,debit,500001
10000000101,buy,10000010,2020-01-26,2020-02-01,2,71200,140976,12346,1000001,debit,560001
10000000102,buy,10000012,2020-01-27,2020-01-30,8,1230,8952,12345,1000009,debit,400001
10000000103,buy,10000008,2020-01-27,2020-01-28,8,60000,432000,12349,1000008,credit,110001
10000000104,buy,10000012,2020-01-27,2020-02-01,1,807,750,12350,1000008,netbanking,110001
10000000105,buy,10000001,2020-01-28,2020-02-07,9,656,5841,12347,1000009,credit,400001
10000000106,buy,10000012,2020-01-28,2020-01-30,9,1365,11421,12345,1000005,debit,700001
10000000107,buy,10000011,2020-01-28,2020-02-06,3,765,2133,12350,1000005,credit,700001
10000000108,buy,10000004,2020-01-29,2020-02-05,9,60000,491400,12349,1000001,credit,560001
10000000109,buy,10000006,2020-01-29,2020-02-01,7,75200,521136,12346,1000010,netbanking,600001
10000000110,buy,10000009,2020-01-29,2020-01-30,4,680,2500,12350,1000005,debit,700001
10000000111,buy,10000009,2020-01-29,2020-02-04,6,979,5460,12348,1000004,credit,400001
10000000112,buy,10000004,2020-01-30,2020-01-31,9,768,6696,12347,1000005,netbanking,700001
10000000113,buy,10000008,2020-01-30,2020-02-07,6,1089,6468,12348,1000001,credit,560001
10000000114,buy,10000012,2020-01-30,2020-02-05,6,65600,385728,12346,1000001,credit,560001
10000000115,buy,10000005,2020-01-30,2020-02-04,1,1260,1234,12345,1000003,debit,500001
10000000116,buy,10000007,2020-01-31,2020-02-10,2,782,1438,12350,1000008,debit,110001
10000000117,buy,10000003,2020-01-31,2020-02-04,2,74250,138104,12349,1000001,debit,560001
10000000118,buy,10000014,2020-01-31,2020-02-03,1,680,639,12350,1000001,credit,560001
10000000118,return,10000014,2020-02-03,2020-02-06,1,680,-639,12350,1000001,credit,560001
10000000119,buy,10000005,2020-01-31,2020-02-07,6,731,4338,12350,1000004,debit,400001
10000000120,buy,10000001,2020-02-01,2020-02-06,3,71250,205200,12349,1000010,cash,600001
10000000121,buy,10000007,2020-02-01,2020-02-03,5,65600,301760,12346,1000003,cash,500001
10000000121,return,10000007,2020-02-06,2020-02-18,5,65600,-301760,12346,1000003,cash,500001
10000000122,buy,10000003,2020-02-02,2020-02-12,2,697,1324,12350,1000001,cash,560001
10000000123,buy,10000007,2020-02-02,2020-02-05,2,1335,2456,12345,1000004,credit,400001
10000000124,buy,10000001,2020-02-02,2020-02-10,6,946,5220,12348,1000007,debit,700001
10000000125,buy,10000010,2020-02-02,2020-02-06,7,720,4634,12347,1000006,credit,400001
10000000126,buy,10000011,2020-02-03,2020-02-07,4,913,3504,12348,1000002,cash,400001
10000000127,buy,10000003,2020-02-03,2020-02-04,3,1320,3720,12345,1000008,credit,110001
10000000128,buy,10000003,2020-02-03,2020-02-04,9,1200,10152,12345,1000004,cash,400001
10000000129,buy,10000011,2020-02-04,2020-02-09,3,697,2070,12350,1000002,netbanking,400001
10000000130,buy,10000001,2020-02-04,2020-02-05,9,74250,641520,12349,1000009,netbanking,400001
10000000131,buy,10000013,2020-02-04,2020-02-11,6,752,4146,12347,1000001,cash,560001
10000000132,buy,10000010,2020-02-05,2020-02-14,5,73500,330750,12349,1000005,netbanking,700001
10000000133,buy,10000012,2020-02-05,2020-02-12,2,731,1314,12350,1000003,cash,500001
10000000134,buy,10000013,2020-02-05,2020-02-11,7,990,6440,12348,1000007,netbanking,700001
10000000135,buy,10000014,2020-02-05,2020-02-11,2,768,1396,12347,1000004,netbanking,400001
10000000136,buy,10000007,2020-02-06,2020-02-09,3,65250,182046,12349,1000008,netbanking,110001
10000000137,buy,10000009,2020-02-06,2020-02-07,9,1067,9504,12348,1000009,netbanking,400001
10000000138,buy,10000005,2020-02-06,2020-02-13,3,66000,188100,12349,1000001,credit,560001
10000000139,buy,10000012,2020-02-06,2020-02-16,10,1200,11040,12345,1000010,netbanking,600001
10000000140,buy,10000011,2020-02-06,2020-02-16,8,880,6688,12348,1000009,netbanking,400001
10000000141,buy,10000006,2020-02-07,2020-02-08,3,64800,182736,12346,1000006,credit,400001
10000000142,buy,10000003,2020-02-07,2020-02-15,7,946,6020,12348,1000010,credit,600001
10000000143,buy,10000009,2020-02-07,2020-02-09,4,79200,310464,12346,1000010,credit,600001
10000000144,buy,10000006,2020-02-08,2020-02-16,10,1230,12050,12345,1000010,netbanking,600001
10000000145,buy,10000013,2020-02-08,2020-02-11,3,66000,182160,12349,1000002,debit,400001
10000000146,buy,10000001,2020-02-08,2020-02-15,5,68250,313950,12349,1000006,debit,400001
10000000147,buy,10000013,2020-02-09,2020-02-16,2,1410,2622,12345,1000007,debit,700001
10000000148,buy,10000001,2020-02-09,2020-02-17,8,1067,8104,12348,1000001,cash,560001
10000000149,buy,10000013,2020-02-09,2020-02-15,5,1305,6000,12345,1000009,cash,400001
10000000150,buy,10000010,2020-02-10,2020-02-14,3,841,2268,12350,1000006,debit,400001
10000000151,buy,10000009,2020-02-10,2020-02-11,3,824,2445,12350,1000001,netbanking,560001
10000000152,buy,10000006,2020-02-10,2020-02-17,3,68250,188370,12349,1000008,netbanking,110001
10000000153,buy,10000012,2020-02-10,2020-02-12,8,62250,493016,12349,1000009,cash,400001
10000000154,buy,10000012,2020-02-10,2020-02-13,2,1230,2336,12345,1000009,credit,400001
10000000155,buy,10000009,2020-02-11,2020-02-13,5,731,3285,12350,1000008,netbanking,110001
10000000156,buy,10000014,2020-02-11,2020-02-17,7,816,5194,12350,1000009,debit,400001
10000000157,buy,10000006,2020-02-11,2020-02-18,5,697,3380,12350,1000010,netbanking,600001
10000000158,buy,10000005,2020-02-11,2020-02-16,4,77600,307296,12346,1000010,netbanking,600001
10000000159,buy,10000009,2020-02-12,2020-02-21,6,1215,6702,12345,1000001,debit,560001
10000000160,buy,10000003,2020-02-12,2020-02-21,4,672,2416,12347,1000004,debit,400001
10000000161,buy,10000006,2020-02-12,2020-02-17,6,1290,7506,12345,1000010,debit,600001
10000000162,buy,10000003,2020-02-13,2020-02-17,5,65250,293625,12349,1000010,debit,600001
10000000163,buy,10000005,2020-02-13,2020-02-17,10,760,7220,12347,1000005,credit,700001
10000000164,buy,10000010,2020-02-13,2020-02-20,6,946,5502,12348,1000006,debit,400001
10000000165,buy,10000009,2020-02-14,2020-02-19,10,67500,654750,12349,1000008,netbanking,110001
10000000166,buy,10000009,2020-02-14,2020-02-16,6,75200,437664,12346,1000003,debit,500001
10000000167,buy,10000009,2020-02-14,2020-02-17,6,77600,428352,12346,1000003,cash,500001
10000000167,return,10000009,2020-02-20,2020-03-01,6,77600,-428352,12346,1000003,cash,500001
10000000168,buy,10000003,2020-02-14,2020-02-16,1,704,682,12347,1000007,netbanking,700001
10000000169,buy,10000006,2020-02-14,2020-02-20,3,728,2094,12347,1000003,netbanking,500001
10000000170,buy,10000004,2020-02-15,2020-02-16,7,712,4732,12347,1000008,cash,110001
10000000171,buy,10000007,2020-02-15,2020-02-25,4,1230,4624,12345,1000003,netbanking,500001
10000000172,buy,10000008,2020-02-15,2020-02-22,7,748,4921,12350,1000004,cash,400001
10000000173,buy,10000013,2020-02-16,2020-02-18,2,69750,131130,12349,1000009,debit,400001
10000000174,buy,10000007,2020-02-16,2020-02-22,2,1034,2026,12348,1000010,credit,600001
10000000175,buy,10000013,2020-02-16,2020-02-17,2,1200,2328,12345,1000004,netbanking,400001
10000000176,buy,10000007,2020-02-16,2020-02-25,9,1215,10602,12345,1000003,netbanking,500001
10000000177,buy,10000004,2020-02-17,2020-02-25,2,76800,150528,12346,1000006,netbanking,400001
10000000178,buy,10000005,2020-02-17,2020-02-24,1,1455,1338,12345,1000003,debit,500001
10000000179,buy,10000003,2020-02-18,2020-02-19,6,66400,358560,12346,1000008,netbanking,110001
10000000179,return,10000003,2020-02-22,2020-02-27,6,66400,-358560,12346,1000008,netbanking,110001
10000000180,buy,10000007,2020-02-18,2020-02-23,4,1455,5296,12345,1000004,credit,400001
10000000181,buy,10000007,2020-02-18,2020-02-26,6,1470,8730,12345,1000006,netbanking,400001
10000000182,buy,10000008,2020-02-18,2020-02-21,6,902,5190,12348,1000010,cash,600001
10000000183,buy,10000008,2020-02-18,2020-02-24,9,722,6102,12350,1000010,credit,600001
10000000184,buy,10000005,2020-02-18,2020-02-25,4,656,2568,12347,1000007,cash,700001
10000000185,buy,10000002,2020-02-19,2020-02-23,3,74250,207156,12349,1000008,debit,110001
10000000185,return,10000002,2020-02-25,2020-03-04,3,74250,-207156,12349,1000008,debit,110001
10000000186,buy,10000012,2020-02-19,2020-02-22,9,1335,11889,12345,1000007,cash,700001
10000000187,buy,10000006,2020-02-19,2020-02-27,3,1045,2883,12348,1000010,netbanking,600001
10000000188,buy,10000005,2020-02-20,2020-02-24,7,640,4032,12347,1000006,cash,400001
10000000189,buy,10000005,2020-02-20,2020-02-24,5,72750,331010,12349,1000003,credit,500001
10000000190,buy,10000002,2020-02-20,2020-02-23,1,1335,1321,12345,1000009,debit,400001
10000000191,buy,10000013,2020-02-20,2020-02-27,1,924,887,12348,1000007,debit,700001
10000000192,buy,10000005,2020-02-21,2020-03-02,1,64000,60800,12346,1000006,debit,400001
10000000193,buy,10000005,2020-02-21,2020-02-29,9,891,7857,12348,1000006,cash,400001
10000000194,buy,10000013,2020-02-21,2020-02-26,7,752,4998,12347,1000007,netbanking,700001
10000000195,buy,10000012,2020-02-21,2020-02-29,10,680,6730,12350,1000001,credit,560001
10000000196,buy,10000006,2020-02-22,2020-02-25,2,1215,2308,12345,1000008,netbanking,110001
10000000197,buy,10000007,2020-02-22,2020-02-24,6,69000,376740,12349,1000008,netbanking,110001
10000000198,buy,10000009,2020-02-23,2020-02-26,10,768,7370,12347,1000006,debit,400001
10000000198,return,10000009,2020-02-27,2020-03-05,10,768,-7370,12347,1000006,debit,400001
10000000199,buy,10000010,2020-02-23,2020-02-26,6,65250,375840,12349,1000010,debit,600001
10000000200,buy,10000009,2020-02-23,2020-02-29,2,70400,126720,12346,1000008,netbanking,110001
10000000201,buy,10000003,2020-02-24,2020-02-28,5,760,3720,12347,1000005,netbanking,700001
10000000202,buy,10000012,2020-02-24,2020-02-27,7,728,4788,12347,1000001,debit,560001
10000000203,buy,10000009,2020-02-24,2020-03-01,6,70400,388608,12346,1000001,credit,560001
10000000204,buy,10000009,2020-02-24,2020-03-04,6,773,4590,12350,1000010,credit,600001
10000000205,buy,10000014,2020-02-24,2020-02-28,10,1455,13380,12345,1000003,netbanking,500001
10000000206,buy,10000004,2020-02-25,2020-02-26,6,688,3876,12347,1000006,netbanking,400001
10000000207,buy,10000014,2020-02-25,2020-02-27,2,1089,2112,12348,1000007,netbanking,700001
10000000208,buy,10000008,2020-02-25,2020-02-26,5,736,3310,12347,1000004,netbanking,400001
10000000209,buy,10000007,2020-02-25,2020-03-06,2,1485,2702,12345,1000003,debit,500001
10000000210,buy,10000005,2020-02-25,2020-03-04,10,990,9500,12348,1000010,cash,600001
10000000211,buy,10000008,2020-02-25,2020-02-27,9,1023,8559,12348,1000005,debit,700001
10000000211,return,10000008,2020-03-01,2020-03-08,9,1023,-8559,12348,1000005,debit,700001
10000000212,buy,10000005,2020-02-25,2020-03-05,5,1395,6415,12345,1000010,debit,600001
10000000213,buy,10000013,2020-02-26,2020-02-27,9,74400,662904,12346,1000004,debit,400001
10000000214,buy,10000014,2020-02-26,2020-03-07,8,65250,516776,12349,1000010,debit,600001
10000000215,buy,10000003,2020-02-26,2020-02-29,4,74250,282148,12349,1000003,cash,500001
10000000216,buy,10000012,2020-02-27,2020-03-05,4,924,3436,12348,1000004,cash,400001
10000000217,buy,10000005,2020-02-27,2020-03-08,2,768,1412,12347,1000004,credit,400001
10000000218,buy,10000009,2020-02-27,2020-03-05,6,1078,6078,12348,1000002,netbanking,400001
10000000219,buy,10000013,2020-02-27,2020-03-06,9,792,6840,12347,1000002,netbanking,400001
10000000220,buy,10000008,2020-02-27,2020-03-08,7,760,5054,12347,1000001,netbanking,560001
10000000221,buy,10000004,2020-02-28,2020-03-07,2,913,1806,12348,1000004,netbanking,400001
10000000221,return,10000004,2020-03-08,2020-03-11,2,913,-1806,12348,1000004,netbanking,400001
10000000222,buy,10000007,2020-02-28,2020-03-01,5,67200,305760,12346,1000008,debit,110001
10000000223,buy,10000004,2020-02-28,2020-03-09,2,72000,142560,12349,1000010,debit,600001
10000000224,buy,10000009,2020-02-29,2020-03-06,10,1260,11590,12345,1000008,credit,110001
10000000225,buy,10000011,2020-02-29,2020-03-04,3,70400,204864,12346,1000009,netbanking,400001
10000000226,buy,10000001,2020-02-29,2020-03-02,1,1230,1119,12345,1000009,netbanking,400001
10000000227,buy,10000007,2020-03-01,2020-03-02,10,1365,13370,12345,1000004,cash,400001
10000000228,buy,10000008,2020-03-01,2020-03-09,7,979,6713,12348,1000004,credit,400001
10000000229,buy,10000011,2020-03-01,2020-03-05,8,1089,7840,12348,1000004,debit,400001
10000000229,return,10000011,2020-03-05,2020-03-07,8,1089,-7840,12348,1000004,debit,400001
10000000230,buy,10000009,2020-03-01,2020-03-10,4,1067,4180,12348,1000007,credit,700001
10000000231,buy,10000003,2020-03-02,2020-03-10,4,68250,248428,12349,1000003,cash,500001
10000000232,buy,10000013,2020-03-02,2020-03-05,2,696,1322,12347,1000004,cash,400001
10000000233,buy,10000014,2020-03-03,2020-03-11,10,782,7420,12350,1000002,cash,400001
10000000234,buy,10000005,2020-03-03,2020-03-13,2,77600,144336,12346,1000004,debit,400001
10000000235,buy,10000006,2020-03-04,2020-03-07,2,720,1368,12347,1000005,debit,700001
10000000236,buy,10000012,2020-03-04,2020-03-06,1,891,882,12348,1000006,debit,400001
10000000237,buy,10000013,2020-03-04,2020-03-11,2,1089,2090,12348,1000008,credit,110001
10000000238,buy,10000004,2020-03-05,2020-03-07,9,66750,582723,12349,1000005,netbanking,700001
10000000239,buy,10000001,2020-03-05,2020-03-09,4,62250,244020,12349,1000008,cash,110001
10000000240,buy,10000002,2020-03-06,2020-03-15,3,672,1974,12347,1000010,netbanking,600001
10000000241,buy,10000009,2020-03-06,2020-03-13,1,1305,1252,12345,1000009,cash,400001
10000000242,buy,10000001,2020-03-06,2020-03-12,6,990,5640,12348,1000005,cash,700001
10000000243,buy,10000012,2020-03-07,2020-03-11,2,60750,116640,12349,1000009,credit,400001
10000000244,buy,10000007,2020-03-07,2020-03-15,1,65250,59377,12349,1000010,cash,600001
10000000245,buy,10000012,2020-03-07,2020-03-15,4,712,2676,12347,1000005,cash,700001
10000000246,buy,10000005,2020-03-08,2020-03-09,8,1260,9272,12345,1000010,credit,600001
10000000247,buy,10000005,2020-03-08,2020-03-17,1,71250,69825,12349,1000010,credit,600001
10000000248,buy,10000002,2020-03-08,2020-03-13,10,776,7370,12347,1000009,credit,400001
10000000249,buy,10000001,2020-03-09,2020-03-10,3,1078,3201,12348,1000005,debit,700001
10000000250,buy,10000014,2020-03-09,2020-03-17,4,76000,282720,12346,1000005,debit,700001
10000000251,buy,10000006,2020-03-10,2020-03-13,9,76800,635904,12346,1000003,credit,500001
10000000252,buy,10000006,2020-03-10,2020-03-18,8,66400,520576,12346,1000009,netbanking,400001
10000000253,buy,10000002,2020-03-10,2020-03-17,1,744,677,12347,1000006,cash,400001
10000000254,buy,10000009,2020-03-11,2020-03-19,6,640,3762,12347,1000006,cash,400001
10000000255,buy,10000001,2020-03-11,2020-03-14,3,68250,188370,12349,1000005,cash,700001
10000000256,buy,10000008,2020-03-11,2020-03-12,9,696,6075,12347,1000010,credit,600001
10000000257,buy,10000005,2020-03-12,2020-03-13,2,924,1792,12348,1000009,netbanking,400001
10000000258,buy,10000002,2020-03-12,2020-03-16,2,1380,2676,12345,1000009,netbanking,400001
10000000259,buy,10000002,2020-03-12,2020-03-21,1,924,877,12348,1000009,netbanking,400001
10000000260,buy,10000012,2020-03-13,2020-03-20,8,1425,10944,12345,1000007,cash,700001
10000000261,buy,10000005,2020-03-13,2020-03-20,1,736,684,12347,1000002,netbanking,400001
10000000262,buy,10000001,2020-03-13,2020-03-14,5,664,3250,12347,1000001,credit,560001
10000000263,buy,10000010,2020-03-14,2020-03-21,8,1305,9808,12345,1000007,debit,700001
10000000264,buy,10000005,2020-03-14,2020-03-20,5,65600,298480,12346,1000008,netbanking,110001
10000000265,buy,10000013,2020-03-14,2020-03-24,2,696,1266,12347,1000010,credit,600001
10000000266,buy,10000008,2020-03-14,2020-03-19,6,1215,7140,12345,1000007,debit,700001
10000000267,buy,10000009,2020-03-14,2020-03-22,9,714,5841,12350,1000002,debit,400001
10000000268,buy,10000005,2020-03-15,2020-03-21,1,60750,56497,12349,1000009,cash,400001
10000000269,buy,10000011,2020-03-15,2020-03-20,3,1045,2913,12348,1000004,credit,400001
10000000270,buy,10000012,2020-03-16,2020-03-26,8,72000,524160,12346,1000003,netbanking,500001
10000000271,buy,10000002,2020-03-16,2020-03-17,3,790,2133,12350,1000003,cash,500001
10000000272,buy,10000001,2020-03-16,2020-03-25,8,1089,8624,12348,1000010,credit,600001
10000000273,buy,10000014,2020-03-17,2020-03-20,2,69750,132524,12349,1000003,debit,500001
10000000274,buy,10000001,2020-03-17,2020-03-27,1,1034,971,12348,1000006,debit,400001
10000000274,return,10000001,2020-03-27,2020-04-05,1,1034,-971,12348,1000006,debit,400001
10000000275,buy,10000012,2020-03-17,2020-03-18,1,1230,1205,12345,1000004,debit,400001
10000000275,return,10000012,2020-03-21,2020-03-22,1,1230,-1205,12345,1000004,debit,400001
10000000276,buy,10000012,2020-03-17,2020-03-20,8,1380,10928,12345,1000001,credit,560001
10000000277,buy,10000007,2020-03-18,2020-03-28,4,64000,238080,12346,1000005,debit,700001
10000000278,buy,10000010,2020-03-18,2020-03-27,8,60750,447120,12349,1000009,debit,400001
10000000279,buy,10000011,2020-03-18,2020-03-23,6,833,4896,12350,1000005,cash,700001
10000000280,buy,10000011,2020-03-18,2020-03-23,2,968,1858,12348,1000002,debit,400001
10000000281,buy,10000012,2020-03-19,2020-03-28,3,768,2094,12347,1000003,debit,500001
10000000282,buy,10000011,2020-03-19,2020-03-21,7,64000,416640,12346,1000004,debit,400001
10000000283,buy,10000005,2020-03-19,2020-03-27,9,880,7128,12348,1000003,netbanking,500001
10000000283,return,10000005,2020-03-30,2020-04-01,9,880,-7128,12348,1000003,netbanking,500001
10000000284,buy,10000011,2020-03-19,2020-03-26,3,697,1944,12350,1000008,netbanking,110001
10000000285,buy,10000012,2020-03-19,2020-03-29,7,64500,415380,12349,1000004,credit,400001
10000000286,buy,10000002,2020-03-20,2020-03-28,8,773,5936,12350,1000006,credit,400001
10000000287,buy,10000013,2020-03-20,2020-03-29,9,748,6057,12350,1000004,debit,400001
10000000288,buy,10000005,2020-03-20,2020-03-26,10,1067,10130,12348,1000002,cash,400001
10000000289,buy,10000013,2020-03-20,2020-03-24,9,63000,515970,12349,1000008,credit,110001
10000000290,buy,10000011,2020-03-20,2020-03-24,1,64500,58695,12349,1000009,debit,400001
10000000291,buy,10000002,2020-03-21,2020-03-30,8,968,7504,12348,1000001,debit,560001
10000000292,buy,10000010,2020-03-21,2020-03-25,4,69750,256680,12349,1000007,cash,700001
10000000293,buy,10000006,2020-03-21,2020-03-27,6,1335,7848,12345,1000007,netbanking,700001
10000000294,buy,10000009,2020-03-21,2020-03-30,6,1200,6984,12345,1000003,netbanking,500001
10000000295,buy,10000002,2020-03-21,2020-03-27,6,70500,384930,12349,1000005,debit,700001
10000000296,buy,10000012,2020-03-22,2020-03-28,3,990,2700,12348,1000003,cash,500001
10000000297,buy,10000011,2020-03-22,2020-03-27,2,1485,2910,12345,1000005,netbanking,700001
10000000298,buy,10000008,2020-03-22,2020-03-30,1,1335,1214,12345,1000004,debit,400001
10000000299,buy,10000011,2020-03-23,2020-03-26,4,72000,259200,12346,1000003,cash,500001
10000000300,buy,10000004,2020-03-23,2020-03-29,9,756,6390,12350,1000002,credit,400001
10000000301,buy,10000003,2020-03-23,2020-03-26,4,1001,3800,12348,1000009,credit,400001
10000000302,buy,10000013,2020-03-24,2020-04-03,1,73600,66976,12346,1000008,debit,110001
10000000303,buy,10000009,2020-03-24,2020-03-25,3,64800,180792,12346,1000004,debit,400001
10000000304,buy,10000012,2020-03-24,2020-04-01,2,1350,2456,12345,1000002,credit,400001
10000000305,buy,10000014,2020-03-25,2020-04-02,10,1056,10130,12348,1000009,netbanking,400001
10000000306,buy,10000009,2020-03-25,2020-03-31,10,714,6490,12350,1000004,credit,400001
10000000307,buy,10000001,2020-03-26,2020-03-31,4,773,2844,12350,1000005,credit,700001
10000000308,buy,10000013,2020-03-26,2020-03-30,4,990,3920,12348,1000009,netbanking,400001
10000000309,buy,10000012,2020-03-26,2020-03-28,6,697,4056,12350,1000005,credit,700001
10000000310,buy,10000001,2020-03-26,2020-04-04,6,672,3990,12347,1000004,netbanking,400001
10000000311,buy,10000003,2020-03-27,2020-04-06,6,69750,385020,12349,1000003,netbanking,500001
10000000312,buy,10000003,2020-03-27,2020-04-04,10,71200,640800,12346,1000007,debit,700001
10000000313,buy,10000008,2020-03-28,2020-04-07,3,765,2109,12350,1000002,credit,400001
10000000314,buy,10000003,2020-03-28,2020-04-05,2,74400,139872,12346,1000007,debit,700001
10000000315,buy,10000005,2020-03-28,2020-03-30,7,824,5243,12350,1000010,netbanking,600001
10000000316,buy,10000001,2020-03-28,2020-03-30,8,1425,10368,12345,1000005,cash,700001
10000000317,buy,10000012,2020-03-28,2020-04-02,8,69750,502200,12349,1000008,cash,110001
10000000318,buy,10000014,2020-03-29,2020-04-06,2,935,1850,12348,1000008,credit,110001
10000000319,buy,10000008,2020-03-29,2020-04-07,1,1200,1116,12345,1000007,debit,700001
10000000320,buy,10000002,2020-03-29,2020-04-05,7,1290,8127,12345,1000001,debit,560001
10000000321,buy,10000003,2020-03-30,2020-04-04,3,680,1998,12350,1000001,debit,560001
10000000322,buy,10000001,2020-03-30,2020-04-03,1,1305,1213,12345,1000010,cash,600001
10000000323,buy,10000005,2020-03-30,2020-04-08,2,705,1324,12350,1000005,cash,700001
10000000323,return,10000005,2020-04-08,2020-04-14,2,705,-1324,12350,1000005,cash,700001
10000000324,buy,10000014,2020-03-30,2020-04-08,2,1001,1800,12348,1000001,netbanking,560001
10000000325,buy,10000001,2020-03-31,2020-04-01,1,688,674,12350,1000001,credit,560001
10000000326,buy,10000007,2020-03-31,2020-04-10,2,924,1754,12348,1000004,credit,400001
10000000327,buy,10000003,2020-03-31,2020-04-02,10,773,7180,12350,1000008,credit,110001
10000000327,return,10000003,2020-04-03,2020-04-13,10,773,-7180,12350,1000008,credit,110001
10000000328,buy,10000006,2020-03-31,2020-04-08,4,73600,288512,12346,1000010,credit,600001
10000000329,buy,10000002,2020-03-31,2020-04-09,1,731,687,12350,1000005,cash,700001
10000000330,buy,10000007,2020-04-01,2020-04-04,2,913,1642,12348,1000006,debit,400001
10000000331,buy,10000014,2020-04-01,2020-04-09,1,61500,57810,12349,1000007,debit,700001
10000000332,buy,10000009,2020-04-01,2020-04-02,1,1001,900,12348,1000010,netbanking,600001
10000000333,buy,10000012,2020-04-01,2020-04-07,1,1320,1240,12345,1000004,cash,400001
10000000334,buy,10000004,2020-04-01,2020-04-05,7,72000,468720,12346,1000010,credit,600001
10000000335,buy,10000007,2020-04-02,2020-04-04,9,1425,12690,12345,1000002,credit,400001
10000000336,buy,10000011,2020-04-02,2020-04-10,6,1012,5886,12348,1000010,credit,600001
10000000337,buy,10000008,2020-04-02,2020-04-07,7,1395,9667,12345,1000006,netbanking,400001
10000000338,buy,10000002,2020-04-02,2020-04-05,6,680,3996,12350,1000003,netbanking,500001
10000000339,buy,10000005,2020-04-03,2020-04-10,10,672,6110,12347,1000006,cash,400001
10000000340,buy,10000003,2020-04-03,2020-04-12,4,1485,5640,12345,1000009,debit,400001
10000000341,buy,10000001,2020-04-03,2020-04-05,2,71250,131100,12349,1000004,credit,400001
10000000342,buy,10000004,2020-04-03,2020-04-11,7,75200,510608,12346,1000002,credit,400001
10000000343,buy,10000005,2020-04-04,2020-04-11,3,1023,2853,12348,1000003,netbanking,500001
10000000344,buy,10000005,2020-04-04,2020-04-10,10,744,7060,12347,1000004,credit,400001
10000000345,buy,10000010,2020-04-04,2020-04-13,1,782,750,12350,1000008,netbanking,110001
10000000346,buy,10000008,2020-04-04,2020-04-11,1,705,648,12350,1000003,credit,500001
10000000347,buy,10000012,2020-04-05,2020-04-11,8,714,5248,12350,1000010,netbanking,600001
10000000348,buy,10000013,2020-04-05,2020-04-13,4,1200,4560,12345,1000003,netbanking,500001
10000000349,buy,10000002,2020-04-06,2020-04-14,5,1023,5010,12348,1000009,credit,400001
10000000350,buy,10000007,2020-04-06,2020-04-07,3,1260,3402,12345,1000008,debit,110001
10000000351,buy,10000002,2020-04-06,2020-04-07,4,705,2564,12350,1000005,debit,700001
10000000352,buy,10000013,2020-04-07,2020-04-09,1,60750,58927,12349,1000010,cash,600001
10000000353,buy,10000005,2020-04-07,2020-04-13,3,979,2643,12348,1000002,cash,400001
10000000354,buy,10000011,2020-04-07,2020-04-11,3,64800,176904,12346,1000005,cash,700001
10000000355,buy,10000006,2020-04-08,2020-04-10,2,748,1376,12350,1000010,debit,600001
10000000356,buy,10000001,2020-04-08,2020-04-11,10,76800,706560,12346,1000008,credit,110001
10000000357,buy,10000002,2020-04-08,2020-04-17,5,65250,303410,12349,1000005,netbanking,700001
10000000358,buy,10000001,2020-04-08,2020-04-17,10,744,6770,12347,1000005,netbanking,700001
10000000359,buy,10000009,2020-04-09,2020-04-15,4,1425,5356,12345,1000007,debit,700001
10000000360,buy,10000006,2020-04-09,2020-04-14,4,77600,301088,12346,1000010,credit,600001
10000000361,buy,10000008,2020-04-09,2020-04-17,2,913,1660,12348,1000003,credit,500001
10000000362,buy,10000014,2020-04-09,2020-04-12,1,1001,990,12348,1000006,cash,400001
10000000363,buy,10000003,2020-04-10,2020-04-11,1,807,758,12350,1000007,netbanking,700001
10000000364,buy,10000009,2020-04-10,2020-04-15,8,71200,524032,12346,1000005,netbanking,700001
10000000365,buy,10000002,2020-04-10,2020-04-18,10,1078,9910,12348,1000001,credit,560001
10000000366,buy,10000004,2020-04-10,2020-04-19,5,768,3760,12347,1000010,netbanking,600001
10000000367,buy,10000003,2020-04-10,2020-04-16,2,946,1778,12348,1000007,cash,700001
10000000368,buy,10000011,2020-04-11,2020-04-18,4,656,2492,12347,1000002,debit,400001
10000000369,buy,10000013,2020-04-11,2020-04-19,6,60750,342630,12349,1000009,cash,400001
10000000370,buy,10000005,2020-04-11,2020-04-12,2,66400,122176,12346,1000006,cash,400001
10000000371,buy,10000012,2020-04-12,2020-04-22,6,712,4182,12347,1000001,debit,560001
10000000372,buy,10000011,2020-04-12,2020-04-13,1,1260,1171,12345,1000001,credit,560001
10000000373,buy,10000011,2020-04-12,2020-04-21,5,1470,6685,12345,1000007,credit,700001
10000000374,buy,10000007,2020-04-12,2020-04-21,1,1045,961,12348,1000010,debit,600001
10000000375,buy,10000004,2020-04-12,2020-04-21,8,78400,570752,12346,1000005,netbanking,700001
10000000376,buy,10000004,2020-04-13,2020-04-18,6,756,4488,12350,1000003,netbanking,500001
10000000377,buy,10000008,2020-04-13,2020-04-22,4,1245,4680,12345,1000005,debit,700001
10000000378,buy,10000011,2020-04-14,2020-04-22,10,722,6850,12350,1000009,credit,400001
10000000379,buy,10000001,2020-04-14,2020-04-15,5,1395,6765,12345,1000005,credit,700001
10000000380,buy,10000013,2020-04-14,2020-04-23,1,979,959,12348,1000004,credit,400001
10000000381,buy,10000001,2020-04-14,2020-04-20,9,648,5481,12347,1000004,debit,400001
10000000382,buy,10000012,2020-04-15,2020-04-19,6,714,3984,12350,1000009,netbanking,400001
10000000383,buy,10000003,2020-04-15,2020-04-21,10,62250,560250,12349,1000007,debit,700001
10000000384,buy,10000014,2020-04-15,2020-04-16,10,66750,627450,12349,1000007,debit,700001
10000000384,return,10000014,2020-04-18,2020-04-26,10,66750,-627450,12349,1000007,debit,700001
10000000385,buy,10000001,2020-04-15,2020-04-17,5,664,3285,12347,1000006,credit,400001
10000000386,buy,10000001,2020-04-15,2020-04-17,7,833,5306,12350,1000005,cash,700001
10000000387,buy,10000006,2020-04-16,2020-04-25,4,816,2968,12350,1000009,cash,400001
10000000388,buy,10000005,2020-04-16,2020-04-23,8,756,5440,12350,1000003,netbanking,500001
10000000389,buy,10000003,2020-04-16,2020-04-20,10,1012,9200,12348,1000007,netbanking,700001
10000000390,buy,10000014,2020-04-16,2020-04-19,8,1067,8360,12348,1000002,netbanking,400001
10000000391,buy,10000002,2020-04-17,2020-04-18,6,72000,423360,12349,1000010,credit,600001
10000000392,buy,10000012,2020-04-17,2020-04-20,3,74250,207156,12349,1000002,netbanking,400001
10000000393,buy,10000005,2020-04-17,2020-04-23,7,1425,9870,12345,1000006,debit,400001
10000000394,buy,10000010,2020-04-17,2020-04-27,10,60000,552000,12349,1000007,credit,700001
10000000395,buy,10000006,2020-04-18,2020-04-21,2,1425,2592,12345,1000005,netbanking,700001
10000000395,return,10000006,2020-04-24,2020-05-02,2,1425,-2592,12345,1000005,netbanking,700001
10000000396,buy,10000011,2020-04-18,2020-04-20,1,744,736,12347,1000008,debit,110001
10000000396,return,10000011,2020-04-21,2020-04-23,1,744,-736,12347,1000008,debit,110001
10000000397,buy,10000003,2020-04-18,2020-04-26,1,712,704,12347,1000006,netbanking,400001
10000000398,buy,10000002,2020-04-19,2020-04-26,1,1335,1228,12345,1000008,cash,110001
10000000399,buy,10000012,2020-04-19,2020-04-20,7,67500,448875,12349,1000003,netbanking,500001
10000000400,buy,10000012,2020-04-19,2020-04-21,9,1290,11142,12345,1000006,credit,400001
10000000401,buy,10000010,2020-04-19,2020-04-29,4,731,2748,12350,1000002,credit,400001
10000000402,buy,10000002,2020-04-20,2020-04-24,10,765,6880,12350,1000009,credit,400001
10000000403,buy,10000007,2020-04-20,2020-04-21,1,824,815,12350,1000008,cash,110001
10000000403,return,10000007,2020-04-24,2020-05-05,1,824,-815,12350,1000008,cash,110001
10000000404,buy,10000013,2020-04-20,2020-04-29,2,697,1254,12350,1000004,netbanking,400001
10000000405,buy,10000012,2020-04-20,2020-04-25,9,66750,576720,12349,1000009,credit,400001
10000000406,buy,10000007,2020-04-21,2020-04-27,10,1260,11970,12345,1000002,debit,400001
10000000407,buy,10000001,2020-04-21,2020-04-24,5,880,4355,12348,1000009,cash,400001
10000000408,buy,10000013,2020-04-21,2020-04-22,1,816,750,12350,1000009,netbanking,400001
10000000409,buy,10000008,2020-04-21,2020-04-30,10,752,6760,12347,1000006,debit,400001
10000000410,buy,10000010,2020-04-22,2020-05-02,8,76800,583680,12346,1000008,cash,110001
10000000411,buy,10000002,2020-04-22,2020-04-26,6,72800,401856,12346,1000001,netbanking,560001
10000000412,buy,10000009,2020-04-22,2020-04-26,6,705,4014,12350,1000007,cash,700001
10000000413,buy,10000012,2020-04-23,2020-04-29,10,1045,9820,12348,1000005,cash,700001
10000000414,buy,10000006,2020-04-23,2020-04-24,7,64000,403200,12346,1000004,cash,400001
10000000415,buy,10000010,2020-04-23,2020-04-28,1,69600,64728,12346,1000008,debit,110001
10000000416,buy,10000002,2020-04-23,2020-04-28,1,63750,58650,12349,1000009,debit,400001
10000000417,buy,10000014,2020-04-24,2020-05-03,8,64800,487296,12346,1000006,debit,400001
10000000418,buy,10000001,2020-04-24,2020-04-26,3,736,2007,12347,1000004,cash,400001
10000000419,buy,10000003,2020-04-24,2020-04-29,5,824,3705,12350,1000006,cash,400001
10000000420,buy,10000012,2020-04-24,2020-04-26,9,935,7821,12348,1000010,cash,600001
10000000421,buy,10000011,2020-04-25,2020-05-02,6,790,4692,12350,1000005,netbanking,700001
10000000422,buy,10000012,2020-04-25,2020-04-30,1,69600,66816,12346,1000002,credit,400001
10000000423,buy,10000003,2020-04-25,2020-04-28,5,72000,334800,12346,1000009,credit,400001
10000000424,buy,10000011,2020-04-25,2020-05-05,10,1320,11880,12345,1000003,credit,500001
10000000425,buy,10000004,2020-04-25,2020-04-28,10,64500,599850,12349,1000001,cash,560001
10000000426,buy,10000014,2020-04-25,2020-04-26,4,748,2960,12350,1000010,cash,600001
10000000427,buy,10000014,2020-04-25,2020-05-03,4,1089,4136,12348,1000007,credit,700001
10000000428,buy,10000008,2020-04-26,2020-05-01,4,739,2924,12350,1000001,credit,560001
10000000429,buy,10000013,2020-04-26,2020-05-02,10,72750,683850,12349,1000010,netbanking,600001
10000000430,buy,10000012,2020-04-26,2020-04-28,4,705,2648,12350,1000003,credit,500001
10000000431,buy,10000001,2020-04-26,2020-04-30,6,64500,363780,12349,1000007,cash,700001
10000000432,buy,10000010,2020-04-27,2020-04-29,2,656,1232,12347,1000006,netbanking,400001
10000000433,buy,10000012,2020-04-27,2020-05-02,9,1380,11547,12345,1000009,netbanking,400001
10000000434,buy,10000002,2020-04-27,2020-05-07,7,64000,421120,12346,1000005,netbanking,700001
10000000435,buy,10000010,2020-04-27,2020-05-07,9,672,5679,12347,1000001,debit,560001
10000000436,buy,10000004,2020-04-28,2020-05-05,5,891,4095,12348,1000006,debit,400001
10000000437,buy,10000009,2020-04-28,2020-04-30,5,79200,380160,12346,1000008,credit,110001
10000000438,buy,10000012,2020-04-28,2020-05-01,4,1089,4136,12348,1000003,credit,500001
10000000439,buy,10000008,2020-04-29,2020-05-03,7,946,6489,12348,1000008,cash,110001
10000000440,buy,10000004,2020-04-29,2020-04-30,5,714,3355,12350,1000002,cash,400001
10000000441,buy,10000005,2020-04-30,2020-05-06,4,1290,4796,12345,1000003,debit,500001
10000000442,buy,10000007,2020-04-30,2020-05-07,1,60750,55890,12349,1000008,credit,110001
10000000443,buy,10000005,2020-04-30,2020-05-03,4,60000,228000,12349,1000007,debit,700001
10000000444,buy,10000013,2020-04-30,2020-05-09,7,1290,8211,12345,1000006,credit,400001
10000000444,return,10000013,2020-05-09,2020-05-20,7,1290,-8211,12345,1000006,credit,400001
10000000445,buy,10000004,2020-05-01,2020-05-11,5,1034,5065,12348,1000005,netbanking,700001
10000000446,buy,10000002,2020-05-01,2020-05-10,4,65250,234900,12349,1000003,cash,500001
10000000447,buy,10000010,2020-05-01,2020-05-02,6,60000,324000,12349,1000006,credit,400001
10000000448,buy,10000004,2020-05-02,2020-05-06,8,768,5768,12347,1000006,cash,400001
10000000449,buy,10000004,2020-05-02,2020-05-05,8,70400,535040,12346,1000001,debit,560001
10000000450,buy,10000009,2020-05-02,2020-05-12,10,640,6080,12347,1000003,debit,500001
10000000451,buy,10000007,2020-05-02,2020-05-04,9,71250,589950,12349,1000004,cash,400001
10000000452,buy,10000009,2020-05-02,2020-05-10,6,696,4092,12347,1000007,cash,700001
10000000453,buy,10000001,2020-05-03,2020-05-08,6,672,3990,12347,1000005,credit,700001
10000000454,buy,10000007,2020-05-03,2020-05-08,4,76000,282720,12346,1000002,credit,400001
10000000455,buy,10000014,2020-05-03,2020-05-13,3,71200,211464,12346,1000002,credit,400001
10000000456,buy,10000011,2020-05-04,2020-05-14,10,1410,13530,12345,1000007,cash,700001
10000000457,buy,10000007,2020-05-04,2020-05-12,8,1320,10344,12345,1000003,debit,500001
10000000458,buy,10000001,2020-05-04,2020-05-11,8,913,6568,12348,1000004,cash,400001
10000000459,buy,10000002,2020-05-05,2020-05-06,9,1350,11664,12345,1000001,netbanking,560001
10000000460,buy,10000004,2020-05-05,2020-05-07,2,697,1366,12350,1000001,debit,560001
10000000461,buy,10000008,2020-05-05,2020-05-15,6,807,4596,12350,1000008,credit,110001
10000000462,buy,10000013,2020-05-05,2020-05-09,4,70500,265080,12349,1000008,debit,110001
10000000463,buy,10000003,2020-05-06,2020-05-16,9,72000,622080,12349,1000007,cash,700001
10000000464,buy,10000006,2020-05-06,2020-05-08,8,66000,496320,12349,1000002,cash,400001
10000000465,buy,10000008,2020-05-07,2020-05-08,6,648,3534,12347,1000006,cash,400001
10000000466,buy,10000002,2020-05-07,2020-05-17,2,799,1550,12350,1000004,debit,400001
10000000467,buy,10000009,2020-05-07,2020-05-17,3,1440,3972,12345,1000003,netbanking,500001
10000000468,buy,10000004,2020-05-08,2020-05-10,3,768,2073,12347,1000006,credit,400001
10000000469,buy,10000008,2020-05-08,2020-05-18,5,64000,307200,12346,1000002,credit,400001
10000000470,buy,10000010,2020-05-08,2020-05-15,4,720,2736,12347,1000007,credit,700001
10000000471,buy,10000014,2020-05-08,2020-05-13,9,784,6345,12347,1000001,credit,560001
10000000472,buy,10000011,2020-05-09,2020-05-14,10,1056,10450,12348,1000003,netbanking,500001
10000000473,buy,10000011,2020-05-09,2020-05-12,10,72000,662400,12346,1000002,cash,400001
10000000474,buy,10000004,2020-05-09,2020-05-13,2,1275,2294,12345,1000009,cash,400001
10000000475,buy,10000007,2020-05-10,2020-05-16,8,66750,501960,12349,1000007,debit,700001
10000000476,buy,10000006,2020-05-10,2020-05-17,10,72750,662020,12349,1000003,debit,500001
10000000477,buy,10000006,2020-05-10,2020-05-11,1,816,783,12350,1000004,credit,400001
10000000478,buy,10000013,2020-05-10,2020-05-11,1,1245,1182,12345,1000003,debit,500001
10000000479,buy,10000006,2020-05-10,2020-05-20,7,688,4718,12350,1000004,cash,400001
10000000480,buy,10000013,2020-05-10,2020-05-11,8,1245,9360,12345,1000008,netbanking,110001
10000000480,return,10000013,2020-05-12,2020-05-22,8,1245,-9360,12345,1000008,netbanking,110001
10000000481,buy,10000010,2020-05-11,2020-05-14,4,705,2704,12350,1000006,credit,400001
10000000481,return,10000010,2020-05-16,2020-05-23,4,705,-2704,12350,1000006,credit,400001
10000000482,buy,10000008,2020-05-11,2020-05-14,10,72000,669600,12349,1000010,cash,600001
10000000483,buy,10000012,2020-05-11,2020-05-18,8,1023,7688,12348,1000008,credit,110001
10000000484,buy,10000001,2020-05-11,2020-05-20,2,65250,117450,12349,1000004,debit,400001
10000000485,buy,10000011,2020-05-11,2020-05-15,3,1305,3561,12345,1000001,cash,560001
10000000486,buy,10000007,2020-05-12,2020-05-20,5,63000,299250,12349,1000006,cash,400001
10000000487,buy,10000001,2020-05-12,2020-05-17,2,68000,122400,12346,1000005,netbanking,700001
10000000487,return,10000001,2020-05-17,2020-05-24,2,68000,-122400,12346,1000005,netbanking,700001
10000000488,buy,10000001,2020-05-13,2020-05-23,4,68800,261440,12346,1000008,debit,110001
10000000489,buy,10000003,2020-05-13,2020-05-16,1,64000,58880,12346,1000008,credit,110001
10000000490,buy,10000010,2020-05-13,2020-05-15,10,1455,13380,12345,1000006,cash,400001
10000000490,return,10000010,2020-05-17,2020-05-22,10,1455,-13380,12345,1000006,cash,400001
10000000491,buy,10000011,2020-05-13,2020-05-23,7,72750,458325,12349,1000001,credit,560001
10000000492,buy,10000007,2020-05-14,2020-05-15,5,1350,6615,12345,1000001,credit,560001
10000000493,buy,10000003,2020-05-14,2020-05-19,9,979,8190,12348,1000003,debit,500001
10000000494,buy,10000002,2020-05-14,2020-05-16,4,1215,4468,12345,1000008,netbanking,110001
10000000495,buy,10000003,2020-05-14,2020-05-19,9,913,7389,12348,1000004,netbanking,400001
10000000496,buy,10000012,2020-05-15,2020-05-18,4,62250,229080,12349,1000006,credit,400001
10000000497,buy,10000013,2020-05-15,2020-05-21,3,77600,221160,12346,1000009,credit,400001
10000000498,buy,10000002,2020-05-15,2020-05-20,6,799,4506,12350,1000006,netbanking,400001
10000000499,buy,10000014,2020-05-15,2020-05-20,4,833,3096,12350,1000007,credit,700001
10000000500,buy,10000011,2020-05-16,2020-05-20,2,680,1250,12350,1000001,netbanking,560001
10000000501,buy,10000010,2020-05-16,2020-05-19,2,73600,132480,12346,1000003,credit,500001
10000000502,buy,10000014,2020-05-17,2020-05-27,8,1260,9168,12345,1000004,netbanking,400001
10000000503,buy,10000010,2020-05-17,2020-05-22,9,1380,11799,12345,1000001,credit,560001
10000000504,buy,10000014,2020-05-17,2020-05-23,5,66400,315400,12346,1000010,credit,600001
10000000505,buy,10000014,2020-05-17,2020-05-19,9,66750,546678,12349,1000008,cash,110001
10000000506,buy,10000003,2020-05-18,2020-05-22,10,640,6140,12347,1000006,credit,400001
10000000507,buy,10000008,2020-05-18,2020-05-28,7,1380,9177,12345,1000005,netbanking,700001
10000000508,buy,10000009,2020-05-19,2020-05-21,5,816,3790,12350,1000003,debit,500001
10000000509,buy,10000011,2020-05-19,2020-05-20,6,880,4800,12348,1000004,netbanking,400001
10000000510,buy,10000001,2020-05-19,2020-05-21,3,1350,3888,12345,1000002,cash,400001
10000000511,buy,10000010,2020-05-19,2020-05-25,3,792,2208,12347,1000007,cash,700001
10000000512,buy,10000005,2020-05-20,2020-05-29,7,1395,8981,12345,1000004,cash,400001
10000000513,buy,10000002,2020-05-20,2020-05-24,5,1230,6025,12345,1000003,cash,500001
10000000513,return,10000002,2020-05-24,2020-06-03,5,1230,-6025,12345,1000003,cash,500001
10000000514,buy,10000001,2020-05-20,2020-05-23,3,799,2229,12350,1000010,debit,600001
10000000515,buy,10000011,2020-05-20,2020-05-30,7,69750,478485,12349,1000001,netbanking,560001
10000000516,buy,10000009,2020-05-21,2020-05-29,5,68800,333680,12346,1000002,credit,400001
10000000516,return,10000009,2020-05-31,2020-06-07,5,68800,-333680,12346,1000002,credit,400001
10000000517,buy,10000003,2020-05-21,2020-05-25,10,74250,683100,12349,1000008,debit,110001
10000000518,buy,10000009,2020-05-21,2020-05-26,5,957,4350,12348,1000001,netbanking,560001
10000000519,buy,10000007,2020-05-21,2020-05-27,8,1440,11288,12345,1000006,cash,400001
10000000520,buy,10000008,2020-05-21,2020-05-26,9,65250,575505,12349,1000007,cash,700001
10000000521,buy,10000012,2020-05-22,2020-05-29,7,680,4711,12350,1000010,netbanking,600001
10000000522,buy,10000012,2020-05-22,2020-05-26,2,720,1368,12347,1000008,credit,110001
10000000523,buy,10000002,2020-05-22,2020-05-28,6,765,4266,12350,1000006,cash,400001
10000000524,buy,10000010,2020-05-22,2020-05-29,3,799,2301,12350,1000004,cash,400001
10000000525,buy,10000014,2020-05-23,2020-06-02,5,782,3675,12350,1000004,cash,400001
10000000526,buy,10000009,2020-05-23,2020-05-24,2,76800,144384,12346,1000004,cash,400001
10000000526,return,10000009,2020-05-25,2020-06-05,2,76800,-144384,12346,1000004,cash,400001
10000000527,buy,10000014,2020-05-23,2020-05-24,10,63000,592200,12349,1000008,cash,110001
10000000528,buy,10000003,2020-05-24,2020-05-30,9,680,5814,12347,1000008,debit,110001
10000000529,buy,10000003,2020-05-24,2020-05-27,6,739,4344,12350,1000004,credit,400001
10000000530,buy,10000002,2020-05-24,2020-05-31,7,824,5649,12350,1000008,netbanking,110001
10000000531,buy,10000011,2020-05-24,2020-05-25,1,731,709,12350,1000007,netbanking,700001
10000000532,buy,10000005,2020-05-25,2020-06-02,1,78400,77616,12346,1000005,debit,700001
10000000533,buy,10000005,2020-05-25,2020-06-03,10,768,7060,12347,1000003,debit,500001
10000000534,buy,10000001,2020-05-25,2020-06-01,10,913,8490,12348,1000002,debit,400001
10000000535,buy,10000007,2020-05-25,2020-05-28,2,60750,116640,12349,1000002,cash,400001
10000000536,buy,10000004,2020-05-26,2020-05-30,4,71250,262200,12349,1000005,debit,700001
10000000537,buy,10000002,2020-05-26,2020-06-01,5,74400,345960,12346,1000006,netbanking,400001
10000000538,buy,10000014,2020-05-26,2020-05-27,2,64000,115200,12346,1000004,cash,400001
10000000539,buy,10000005,2020-05-26,2020-06-02,1,64800,63504,12346,1000002,netbanking,400001
10000000540,buy,10000001,2020-05-27,2020-06-06,5,790,3790,12350,1000009,netbanking,400001
10000000541,buy,10000008,2020-05-27,2020-06-02,7,67200,446880,12346,1000008,credit,110001
10000000542,buy,10000007,2020-05-27,2020-05-29,6,782,4452,12350,1000008,credit,110001
10000000543,buy,10000001,2020-05-27,2020-05-31,10,1455,13820,12345,1000003,debit,500001
10000000544,buy,10000006,2020-05-27,2020-05-29,3,1380,3972,12345,1000010,debit,600001
10000000545,buy,10000008,2020-05-28,2020-06-06,5,64500,296700,12349,1000009,netbanking,400001
10000000546,buy,10000013,2020-05-28,2020-06-02,6,66750,384480,12349,1000006,credit,400001
10000000547,buy,10000008,2020-05-28,2020-06-04,1,1365,1296,12345,1000003,netbanking,500001
10000000548,buy,10000002,2020-05-29,2020-05-30,3,74250,216066,12349,1000006,netbanking,400001
10000000549,buy,10000011,2020-05-29,2020-05-31,5,71250,331310,12349,1000002,credit,400001
10000000550,buy,10000011,2020-05-29,2020-06-01,7,67500,463050,12349,1000010,debit,600001
10000000551,buy,10000007,2020-05-30,2020-06-05,2,816,1516,12350,1000002,netbanking,400001
10000000552,buy,10000008,2020-05-30,2020-06-03,3,792,2256,12347,1000002,debit,400001
10000000553,buy,10000001,2020-05-30,2020-06-01,3,73600,205344,12346,1000004,debit,400001
10000000554,buy,10000003,2020-05-30,2020-05-31,6,833,4896,12350,1000005,netbanking,700001
10000000555,buy,10000002,2020-05-30,2020-06-01,1,63750,63112,12349,1000006,credit,400001
10000000556,buy,10000009,2020-05-30,2020-05-31,3,1056,3135,12348,1000010,cash,600001
10000000557,buy,10000014,2020-05-30,2020-06-03,2,913,1734,12348,1000002,netbanking,400001
10000000558,buy,10000009,2020-05-31,2020-06-06,8,1230,9736,12345,1000001,netbanking,560001
10000000559,buy,10000004,2020-05-31,2020-06-09,1,902,892,12348,1000008,credit,110001
10000000560,buy,10000004,2020-05-31,2020-06-04,8,773,5808,12350,1000003,credit,500001
10000000561,buy,10000003,2020-05-31,2020-06-04,4,768,2824,12347,1000006,netbanking,400001
10000000562,buy,10000004,2020-06-01,2020-06-06,7,72750,478695,12349,1000002,netbanking,400001
10000000563,buy,10000005,2020-06-01,2020-06-10,4,1034,3760,12348,1000006,debit,400001
10000000564,buy,10000010,2020-06-01,2020-06-04,4,72800,273728,12346,1000003,netbanking,500001
10000000564,return,10000010,2020-06-04,2020-06-15,4,72800,-273728,12346,1000003,netbanking,500001
10000000565,buy,10000008,2020-06-01,2020-06-05,2,66000,118800,12349,1000003,debit,500001
10000000566,buy,10000012,2020-06-01,2020-06-09,9,760,6354,12347,1000003,credit,500001
10000000567,buy,10000009,2020-06-01,2020-06-05,4,1335,5072,12345,1000009,debit,400001
10000000568,buy,10000012,2020-06-01,2020-06-04,2,60750,114210,12349,1000005,cash,700001
10000000569,buy,10000011,2020-06-02,2020-06-11,4,744,2676,12347,1000010,netbanking,600001
10000000570,buy,10000002,2020-06-02,2020-06-07,7,1455,9772,12345,1000003,netbanking,500001
10000000571,buy,10000010,2020-06-02,2020-06-08,8,664,4936,12347,1000001,credit,560001
10000000572,buy,10000003,2020-06-02,2020-06-09,5,69750,345260,12349,1000001,debit,560001
10000000572,return,10000003,2020-06-09,2020-06-18,5,69750,-345260,12349,1000001,debit,560001
10000000573,buy,10000014,2020-06-03,2020-06-05,3,68000,189720,12346,1000001,netbanking,560001
10000000574,buy,10000014,2020-06-03,2020-06-05,4,664,2416,12347,1000006,credit,400001
10000000575,buy,10000008,2020-06-04,2020-06-08,10,792,7120,12347,1000008,debit,110001
10000000576,buy,10000010,2020-06-04,2020-06-05,7,748,4970,12350,1000009,debit,400001
10000000577,buy,10000012,2020-06-04,2020-06-13,4,773,2780,12350,1000009,debit,400001
10000000578,buy,10000010,2020-06-05,2020-06-12,2,69000,135240,12349,1000004,debit,400001
10000000579,buy,10000011,2020-06-05,2020-06-10,5,1440,7055,12345,1000001,credit,560001
10000000580,buy,10000004,2020-06-05,2020-06-10,6,722,3894,12350,1000008,cash,110001
10000000581,buy,10000001,2020-06-06,2020-06-09,5,760,3570,12347,1000004,credit,400001
10000000582,buy,10000002,2020-06-06,2020-06-14,5,672,3225,12347,1000006,credit,400001
10000000583,buy,10000014,2020-06-06,2020-06-11,6,739,4032,12350,1000006,netbanking,400001
10000000584,buy,10000013,2020-06-07,2020-06-09,1,664,644,12347,1000004,cash,400001
10000000585,buy,10000005,2020-06-07,2020-06-15,4,739,2748,12350,1000009,debit,400001
10000000586,buy,10000012,2020-06-08,2020-06-13,2,784,1472,12347,1000002,debit,400001
10000000587,buy,10000010,2020-06-08,2020-06-17,5,1023,4650,12348,1000009,cash,400001
10000000588,buy,10000010,2020-06-08,2020-06-09,3,722,2100,12350,1000008,credit,110001
10000000589,buy,10000004,2020-06-08,2020-06-12,9,66000,558360,12349,1000007,credit,700001
10000000590,buy,10000009,2020-06-09,2020-06-15,6,799,4650,12350,1000007,debit,700001
10000000591,buy,10000004,2020-06-09,2020-06-15,9,1380,11799,12345,1000010,cash,600001
10000000592,buy,10000013,2020-06-10,2020-06-17,5,799,3675,12350,1000003,cash,500001
10000000593,buy,10000008,2020-06-10,2020-06-16,10,1034,9300,12348,1000002,debit,400001
10000000594,buy,10000004,2020-06-10,2020-06-15,3,680,1998,12347,1000008,credit,110001
10000000595,buy,10000005,2020-06-10,2020-06-13,10,63750,631120,12349,1000004,netbanking,400001
10000000596,buy,10000003,2020-06-11,2020-06-21,2,78400,155232,12346,1000008,netbanking,110001
10000000597,buy,10000001,2020-06-11,2020-06-20,5,902,4370,12348,1000001,netbanking,560001
10000000598,buy,10000004,2020-06-11,2020-06-16,3,66400,187248,12346,1000004,netbanking,400001
10000000599,buy,10000007,2020-06-11,2020-06-20,1,75200,74448,12346,1000010,debit,600001
10000000600,buy,10000009,2020-06-11,2020-06-13,5,672,3090,12347,1000002,netbanking,400001
10000000601,buy,10000001,2020-06-12,2020-06-16,1,648,622,12347,1000006,netbanking,400001
10000000602,buy,10000001,2020-06-12,2020-06-16,3,736,2184,12347,1000006,cash,400001
10000000603,buy,10000001,2020-06-12,2020-06-20,1,64500,61920,12349,1000009,cash,400001
10000000604,buy,10000010,2020-06-13,2020-06-21,10,784,7210,12347,1000006,credit,400001
10000000605,buy,10000008,2020-06-13,2020-06-20,7,1045,7238,12348,1000006,cash,400001
10000000606,buy,10000011,2020-06-14,2020-06-23,8,1305,9600,12345,1000009,cash,400001
10000000606,return,10000011,2020-06-26,2020-06-28,8,1305,-9600,12345,1000009,cash,400001
10000000607,buy,10000011,2020-06-14,2020-06-22,7,935,5950,12348,1000006,credit,400001
10000000608,buy,10000013,2020-06-14,2020-06-20,7,64500,424410,12349,1000007,credit,700001
10000000609,buy,10000014,2020-06-15,2020-06-21,3,841,2319,12350,1000004,cash,400001
10000000610,buy,10000011,2020-06-15,2020-06-20,2,1395,2762,12345,1000004,cash,400001
10000000611,buy,10000006,2020-06-15,2020-06-19,1,824,766,12350,1000008,cash,110001
10000000612,buy,10000006,2020-06-15,2020-06-18,3,1350,3927,12345,1000006,netbanking,400001
10000000613,buy,10000004,2020-06-15,2020-06-18,3,66000,178200,12349,1000002,credit,400001
10000000614,buy,10000013,2020-06-15,2020-06-18,5,73600,360640,12346,1000001,cash,560001
10000000615,buy,10000007,2020-06-16,2020-06-17,4,816,3164,12350,1000004,netbanking,400001
10000000616,buy,10000006,2020-06-16,2020-06-17,7,62250,392175,12349,1000002,netbanking,400001
10000000617,buy,10000008,2020-06-17,2020-06-20,6,722,4284,12350,1000006,netbanking,400001
10000000618,buy,10000008,2020-06-17,2020-06-24,2,792,1456,12347,1000004,cash,400001
10000000619,buy,10000006,2020-06-17,2020-06-23,3,704,1941,12347,1000010,debit,600001
10000000620,buy,10000009,2020-06-18,2020-06-21,7,744,5047,12347,1000001,credit,560001
10000000621,buy,10000005,2020-06-18,2020-06-25,7,79200,498960,12346,1000008,cash,110001
10000000622,buy,10000007,2020-06-18,2020-06-20,1,63000,61110,12349,1000005,credit,700001
10000000623,buy,10000007,2020-06-18,2020-06-21,1,792,744,12347,1000002,credit,400001
10000000624,buy,10000005,2020-06-18,2020-06-20,1,68000,62560,12346,1000005,netbanking,700001
10000000625,buy,10000005,2020-06-18,2020-06-22,7,64800,426384,12346,1000005,netbanking,700001
10000000626,buy,10000001,2020-06-19,2020-06-28,2,1078,2026,12348,1000002,debit,400001
10000000627,buy,10000006,2020-06-19,2020-06-29,6,60000,327600,12349,1000005,netbanking,700001
10000000628,buy,10000011,2020-06-20,2020-06-29,1,672,624,12347,1000006,debit,400001
10000000629,buy,10000006,2020-06-20,2020-06-22,9,1067,8829,12348,1000008,cash,110001
10000000630,buy,10000007,2020-06-20,2020-06-29,7,680,4375,12347,1000004,cash,400001
10000000631,buy,10000013,2020-06-20,2020-06-24,5,760,3455,12347,1000009,netbanking,400001
10000000632,buy,10000001,2020-06-21,2020-06-29,4,66000,258720,12349,1000008,debit,110001
10000000633,buy,10000011,2020-06-21,2020-06-24,1,67500,66150,12349,1000005,netbanking,700001
10000000634,buy,10000004,2020-06-21,2020-06-27,10,64500,632100,12349,1000004,credit,400001
10000000635,buy,10000008,2020-06-22,2020-06-27,7,61500,404670,12349,1000003,cash,500001
10000000636,buy,10000011,2020-06-22,2020-07-02,7,1078,7392,12348,1000001,credit,560001
10000000637,buy,10000013,2020-06-22,2020-06-29,6,1023,5520,12348,1000008,netbanking,110001
10000000638,buy,10000006,2020-06-22,2020-06-29,7,1245,8540,12345,1000008,debit,110001
10000000639,buy,10000003,2020-06-23,2020-06-29,8,70400,512512,12346,1000007,netbanking,700001
10000000640,buy,10000010,2020-06-23,2020-06-30,10,714,6640,12350,1000002,credit,400001
10000000641,buy,10000013,2020-06-23,2020-06-25,2,73600,142784,12346,1000008,netbanking,110001
10000000642,buy,10000008,2020-06-23,2020-07-01,3,1305,3873,12345,1000006,netbanking,400001
10000000643,buy,10000003,2020-06-23,2020-07-01,10,784,7210,12347,1000005,netbanking,700001
10000000644,buy,10000004,2020-06-24,2020-06-27,4,1335,4964,12345,1000005,cash,700001
10000000645,buy,10000009,2020-06-24,2020-06-26,2,790,1564,12350,1000005,debit,700001
10000000646,buy,10000002,2020-06-25,2020-07-02,2,1455,2792,12345,1000009,cash,400001
10000000647,buy,10000008,2020-06-25,2020-07-02,3,1305,3678,12345,1000006,cash,400001
10000000648,buy,10000007,2020-06-25,2020-07-04,9,935,8154,12348,1000008,netbanking,110001
10000000648,return,10000007,2020-07-06,2020-07-09,9,935,-8154,12348,1000008,netbanking,110001
10000000649,buy,10000003,2020-06-25,2020-07-01,10,72750,705670,12349,1000001,credit,560001
10000000650,buy,10000013,2020-06-25,2020-06-27,2,935,1812,12348,1000004,cash,400001
10000000651,buy,10000007,2020-06-26,2020-07-05,4,891,3492,12348,1000010,debit,600001
10000000652,buy,10000010,2020-06-26,2020-07-03,7,841,5768,12350,1000008,debit,110001
10000000653,buy,10000013,2020-06-26,2020-07-03,3,672,1812,12347,1000001,debit,560001
10000000654,buy,10000009,2020-06-26,2020-07-05,9,760,6768,12347,1000010,credit,600001
10000000655,buy,10000009,2020-06-26,2020-06-29,8,1012,8008,12348,1000005,cash,700001
10000000656,buy,10000012,2020-06-27,2020-06-29,8,744,5528,12347,1000009,credit,400001
10000000657,buy,10000008,2020-06-27,2020-07-04,7,714,4795,12350,1000008,debit,110001
10000000658,buy,10000010,2020-06-27,2020-07-04,5,1245,5785,12345,1000004,netbanking,400001
10000000659,buy,10000007,2020-06-28,2020-07-02,1,891,846,12348,1000005,cash,700001
10000000660,buy,10000013,2020-06-28,2020-07-02,5,68800,309600,12346,1000001,debit,560001
10000000661,buy,10000002,2020-06-28,2020-07-02,10,1320,12540,12345,1000004,debit,400001
10000000662,buy,10000013,2020-06-29,2020-07-03,5,748,3625,12350,1000002,debit,400001
10000000663,buy,10000010,2020-06-29,2020-07-03,1,72000,64800,12349,1000002,netbanking,400001
10000000664,buy,10000010,2020-06-29,2020-07-02,8,79200,620928,12346,1000002,credit,400001
10000000665,buy,10000012,2020-06-29,2020-07-03,7,680,4326,12347,1000002,credit,400001
10000000665,return,10000012,2020-07-04,2020-07-08,7,680,-4326,12347,1000002,credit,400001
10000000666,buy,10000010,2020-06-30,2020-07-04,8,739,5320,12350,1000005,credit,700001
10000000667,buy,10000001,2020-06-30,2020-07-09,8,712,5520,12347,1000007,debit,700001
10000000668,buy,10000008,2020-07-01,2020-07-09,1,74400,71424,12346,1000010,debit,600001
10000000669,buy,10000005,2020-07-01,2020-07-04,10,807,7900,12350,1000001,credit,560001
10000000670,buy,10000001,2020-07-01,2020-07-08,10,1200,11280,12345,1000005,debit,700001
10000000671,buy,10000011,2020-07-01,2020-07-02,10,69600,647280,12346,1000006,netbanking,400001
10000000672,buy,10000011,2020-07-01,2020-07-08,3,765,2226,12350,1000006,debit,400001
10000000673,buy,10000004,2020-07-02,2020-07-12,1,1470,1440,12345,1000003,debit,500001
10000000674,buy,10000008,2020-07-02,2020-07-06,7,72000,483840,12349,1000005,credit,700001
10000000675,buy,10000003,2020-07-02,2020-07-04,1,69750,64867,12349,1000010,credit,600001
10000000676,buy,10000002,2020-07-02,2020-07-10,6,688,3918,12350,1000007,netbanking,700001
10000000677,buy,10000012,2020-07-02,2020-07-03,8,688,5112,12347,1000007,cash,700001
10000000678,buy,10000011,2020-07-02,2020-07-10,9,79200,662904,12346,1000009,cash,400001
10000000679,buy,10000012,2020-07-03,2020-07-05,3,67200,183456,12346,1000007,cash,700001
10000000680,buy,10000006,2020-07-03,2020-07-08,3,1485,4410,12345,1000008,debit,110001
10000000681,buy,10000010,2020-07-03,2020-07-12,4,72000,273600,12346,1000010,netbanking,600001
10000000682,buy,10000005,2020-07-04,2020-07-08,6,833,4644,12350,1000005,cash,700001
10000000683,buy,10000009,2020-07-04,2020-07-13,3,935,2775,12348,1000002,netbanking,400001
10000000684,buy,10000008,2020-07-04,2020-07-06,10,731,7230,12350,1000007,netbanking,700001
10000000684,return,10000008,2020-07-06,2020-07-07,10,731,-7230,12350,1000007,netbanking,700001
10000000685,buy,10000014,2020-07-05,2020-07-09,7,67200,465696,12346,1000007,cash,700001
10000000686,buy,10000008,2020-07-05,2020-07-11,8,705,5128,12350,1000001,cash,560001
10000000687,buy,10000005,2020-07-05,2020-07-09,6,722,4242,12350,1000004,debit,400001
10000000688,buy,10000007,2020-07-06,2020-07-11,2,1320,2454,12345,1000004,credit,400001
10000000689,buy,10000010,2020-07-06,2020-07-15,10,979,9690,12348,1000010,netbanking,600001
10000000690,buy,10000003,2020-07-06,2020-07-13,8,1230,9736,12345,1000002,debit,400001
10000000691,buy,10000001,2020-07-07,2020-07-14,7,66750,420525,12349,1000002,netbanking,400001
10000000692,buy,10000003,2020-07-07,2020-07-16,6,64000,353280,12346,1000001,netbanking,560001
10000000693,buy,10000001,2020-07-07,2020-07-13,7,990,6300,12348,1000006,netbanking,400001
10000000694,buy,10000013,2020-07-07,2020-07-14,6,76000,410400,12346,1000002,credit,400001
10000000695,buy,10000004,2020-07-07,2020-07-10,2,68000,133280,12346,1000002,netbanking,400001
10000000696,buy,10000003,2020-07-08,2020-07-15,3,784,2304,12347,1000009,netbanking,400001
10000000697,buy,10000007,2020-07-08,2020-07-14,9,807,6678,12350,1000007,cash,700001
10000000698,buy,10000007,2020-07-08,2020-07-13,6,76800,446976,12346,1000006,credit,400001
10000000699,buy,10000009,2020-07-08,2020-07-14,8,62250,483056,12349,1000009,credit,400001
10000000700,buy,10000012,2020-07-08,2020-07-17,8,62250,488040,12349,1000005,credit,700001
10000000701,buy,10000002,2020-07-09,2020-07-13,6,1380,8028,12345,1000009,netbanking,400001
10000000702,buy,10000003,2020-07-09,2020-07-14,4,913,3356,12348,1000001,debit,560001
10000000703,buy,10000008,2020-07-09,2020-07-19,10,1012,9310,12348,1000007,debit,700001
10000000704,buy,10000008,2020-07-09,2020-07-13,10,760,7370,12347,1000003,debit,500001
10000000705,buy,10000011,2020-07-10,2020-07-20,5,1380,6275,12345,1000004,cash,400001
10000000706,buy,10000008,2020-07-10,2020-07-14,7,66750,457905,12349,1000006,cash,400001
10000000707,buy,10000012,2020-07-10,2020-07-17,10,69600,675120,12346,1000002,netbanking,400001
10000000708,buy,10000003,2020-07-10,2020-07-20,3,1410,4143,12345,1000003,netbanking,500001
10000000709,buy,10000008,2020-07-10,2020-07-18,3,69000,186300,12349,1000006,cash,400001
10000000710,buy,10000007,2020-07-11,2020-07-12,8,74400,547584,12346,1000005,credit,700001
10000000711,buy,10000004,2020-07-11,2020-07-14,6,672,3990,12347,1000007,cash,700001
10000000712,buy,10000007,2020-07-12,2020-07-17,10,720,7050,12347,1000003,cash,500001
10000000713,buy,10000009,2020-07-12,2020-07-13,9,790,6678,12350,1000009,credit,400001
10000000714,buy,10000005,2020-07-12,2020-07-20,10,880,8620,12348,1000008,cash,110001
10000000715,buy,10000005,2020-07-13,2020-07-20,7,60000,386400,12349,1000007,netbanking,700001
10000000716,buy,10000008,2020-07-13,2020-07-19,5,67200,312480,12346,1000001,credit,560001
10000000717,buy,10000009,2020-07-13,2020-07-19,1,656,610,12347,1000003,debit,500001
10000000718,buy,10000012,2020-07-14,2020-07-24,6,72800,414960,12346,1000006,netbanking,400001
10000000719,buy,10000006,2020-07-14,2020-07-19,3,935,2748,12348,1000001,netbanking,560001
10000000720,buy,10000001,2020-07-14,2020-07-15,7,792,5040,12347,1000005,netbanking,700001
10000000721,buy,10000010,2020-07-15,2020-07-25,6,1335,7446,12345,1000009,netbanking,400001
10000000722,buy,10000014,2020-07-15,2020-07-25,7,61500,387450,12349,1000001,netbanking,560001
10000000722,return,10000014,2020-07-27,2020-08-05,7,61500,-387450,12349,1000001,netbanking,560001
10000000723,buy,10000008,2020-07-15,2020-07-18,8,74250,588056,12349,1000004,netbanking,400001
10000000724,buy,10000008,2020-07-15,2020-07-25,6,1045,6144,12348,1000005,credit,700001
10000000725,buy,10000001,2020-07-16,2020-07-23,7,63750,441784,12349,1000004,debit,400001
10000000726,buy,10000003,2020-07-16,2020-07-19,9,792,6984,12347,1000007,cash,700001
10000000727,buy,10000002,2020-07-17,2020-07-24,9,688,5688,12350,1000005,cash,700001
10000000728,buy,10000013,2020-07-17,2020-07-27,9,648,5769,12347,1000003,netbanking,500001
10000000729,buy,10000008,2020-07-17,2020-07-19,4,1350,4968,12345,1000004,cash,400001
10000000730,buy,10000004,2020-07-17,2020-07-18,6,752,4146,12347,1000003,netbanking,500001
10000000731,buy,10000012,2020-07-17,2020-07-22,7,1056,7168,12348,1000006,debit,400001
10000000732,buy,10000014,2020-07-17,2020-07-19,5,902,4415,12348,1000008,debit,110001
10000000733,buy,10000002,2020-07-18,2020-07-19,6,65600,366048,12346,1000004,cash,400001
10000000734,buy,10000008,2020-07-18,2020-07-24,5,1089,5060,12348,1000007,netbanking,700001
10000000735,buy,10000004,2020-07-19,2020-07-21,2,1089,2002,12348,1000009,credit,400001
10000000736,buy,10000010,2020-07-19,2020-07-29,1,880,871,12348,1000010,credit,600001
10000000737,buy,10000007,2020-07-19,2020-07-21,5,71250,349125,12349,1000005,netbanking,700001
10000000738,buy,10000007,2020-07-20,2020-07-27,2,720,1324,12347,1000009,netbanking,400001
10000000739,buy,10000002,2020-07-20,2020-07-22,10,73600,691840,12346,1000005,cash,700001
10000000740,buy,10000005,2020-07-20,2020-07-30,9,72000,609120,12349,1000001,cash,560001
10000000741,buy,10000010,2020-07-20,2020-07-25,4,70400,270336,12346,1000002,credit,400001
10000000742,buy,10000001,2020-07-20,2020-07-28,10,728,6980,12347,1000010,credit,600001
10000000743,buy,10000004,2020-07-21,2020-07-24,4,69000,251160,12349,1000006,credit,400001
10000000744,buy,10000003,2020-07-21,2020-07-23,1,712,676,12347,1000008,cash,110001
10000000745,buy,10000010,2020-07-22,2020-07-29,4,891,3492,12348,1000002,netbanking,400001
10000000746,buy,10000008,2020-07-22,2020-07-29,10,70500,669750,12349,1000006,cash,400001
10000000747,buy,10000014,2020-07-22,2020-08-01,3,688,1938,12347,1000001,debit,560001
10000000748,buy,10000004,2020-07-23,2020-07-28,10,77600,698400,12346,1000002,debit,400001
10000000749,buy,10000009,2020-07-23,2020-08-02,10,833,7910,12350,1000008,credit,110001
10000000750,buy,10000003,2020-07-23,2020-07-30,1,67500,64800,12349,1000003,credit,500001
10000000751,buy,10000001,2020-07-23,2020-07-24,7,1440,9072,12345,1000009,credit,400001
10000000752,buy,10000007,2020-07-24,2020-07-28,1,1335,1214,12345,1000003,credit,500001
10000000753,buy,10000013,2020-07-24,2020-07-25,10,760,7220,12347,1000004,debit,400001
10000000754,buy,10000010,2020-07-24,2020-08-02,1,73500,72030,12349,1000002,credit,400001
10000000755,buy,10000007,2020-07-24,2020-07-30,8,1350,10256,12345,1000009,credit,400001
10000000756,buy,10000007,2020-07-25,2020-07-27,1,79200,72864,12346,1000003,credit,500001
10000000757,buy,10000010,2020-07-25,2020-07-29,10,913,8580,12348,1000003,netbanking,500001
10000000758,buy,10000011,2020-07-26,2020-08-01,3,1485,4143,12345,1000005,credit,700001
10000000759,buy,10000008,2020-07-26,2020-07-29,4,69600,264480,12346,1000004,debit,400001
10000000760,buy,10000002,2020-07-26,2020-07-30,7,65250,447615,12349,1000001,debit,560001
10000000761,buy,10000001,2020-07-26,2020-07-30,5,66000,313500,12349,1000010,credit,600001
10000000761,return,10000001,2020-08-01,2020-08-07,5,66000,-313500,12349,1000010,credit,600001
10000000762,buy,10000010,2020-07-27,2020-08-06,3,71250,203061,12349,1000001,debit,560001
10000000763,buy,10000013,2020-07-27,2020-07-28,6,1470,8640,12345,1000003,cash,500001
10000000764,buy,10000010,2020-07-27,2020-07-30,4,76800,291840,12346,1000003,credit,500001
10000000765,buy,10000007,2020-07-27,2020-08-03,7,1410,8981,12345,1000008,debit,110001
10000000766,buy,10000006,2020-07-28,2020-07-30,10,776,7060,12347,1000007,netbanking,700001
10000000767,buy,10000012,2020-07-28,2020-08-04,2,1320,2508,12345,1000002,credit,400001
10000000768,buy,10000012,2020-07-29,2020-08-01,5,69600,313200,12346,1000009,netbanking,400001
10000000769,buy,10000001,2020-07-29,2020-08-06,5,784,3720,12347,1000005,cash,700001
10000000770,buy,10000008,2020-07-30,2020-08-06,8,697,5352,12350,1000009,netbanking,400001
10000000771,buy,10000006,2020-07-30,2020-08-02,2,1230,2336,12345,1000004,debit,400001
10000000772,buy,10000012,2020-07-30,2020-08-01,6,67500,380700,12349,1000002,credit,400001
10000000773,buy,10000014,2020-07-30,2020-08-05,10,714,6640,12350,1000002,debit,400001
10000000774,buy,10000014,2020-07-30,2020-08-08,8,680,4944,12350,1000003,netbanking,500001
10000000775,buy,10000009,2020-07-30,2020-08-07,4,1275,4996,12345,1000008,debit,110001
10000000776,buy,10000001,2020-07-31,2020-08-10,3,72000,198720,12346,1000010,credit,600001
10000000776,return,10000001,2020-08-12,2020-08-22,3,72000,-198720,12346,1000010,credit,600001
10000000777,buy,10000013,2020-07-31,2020-08-06,3,66750,184230,12349,1000002,debit,400001
10000000778,buy,10000007,2020-08-01,2020-08-09,2,913,1734,12348,1000003,cash,500001
10000000779,buy,10000013,2020-08-01,2020-08-04,5,76800,360960,12346,1000003,netbanking,500001
10000000780,buy,10000007,2020-08-01,2020-08-04,7,1365,8596,12345,1000005,cash,700001
10000000781,buy,10000006,2020-08-02,2020-08-11,8,77600,595968,12346,1000005,debit,700001
10000000782,buy,10000012,2020-08-02,2020-08-11,10,1012,9100,12348,1000009,cash,400001
10000000783,buy,10000004,2020-08-02,2020-08-06,4,70500,276360,12349,1000001,cash,560001
10000000784,buy,10000001,2020-08-03,2020-08-08,1,1350,1228,12345,1000001,cash,560001
10000000785,buy,10000002,2020-08-03,2020-08-11,7,1380,8981,12345,1000005,credit,700001
10000000786,buy,10000006,2020-08-03,2020-08-06,7,1200,7560,12345,1000010,debit,600001
10000000787,buy,10000009,2020-08-03,2020-08-11,3,765,2226,12350,1000009,debit,400001
10000000788,buy,10000001,2020-08-03,2020-08-12,10,979,9690,12348,1000003,netbanking,500001
10000000789,buy,10000014,2020-08-04,2020-08-13,8,957,7040,12348,1000005,debit,700001
10000000790,buy,10000011,2020-08-04,2020-08-06,2,720,1338,12347,1000006,netbanking,400001
10000000791,buy,10000005,2020-08-04,2020-08-10,6,69750,410130,12349,1000005,debit,700001
10000000792,buy,10000004,2020-08-04,2020-08-09,5,60000,270000,12349,1000010,cash,600001
10000000793,buy,10000006,2020-08-04,2020-08-08,5,1365,6275,12345,1000006,cash,400001
10000000794,buy,10000012,2020-08-05,2020-08-09,7,720,4788,12347,1000004,debit,400001
10000000795,buy,10000001,2020-08-05,2020-08-07,5,1380,6485,12345,1000007,debit,700001
10000000796,buy,10000012,2020-08-05,2020-08-07,6,1245,7020,12345,1000007,debit,700001
10000000797,buy,10000009,2020-08-05,2020-08-14,8,1067,7760,12348,1000010,netbanking,600001
10000000798,buy,10000014,2020-08-06,2020-08-14,6,74400,419616,12346,1000003,netbanking,500001
10000000799,buy,10000006,2020-08-06,2020-08-12,5,64800,291600,12346,1000009,cash,400001
10000000800,buy,10000002,2020-08-06,2020-08-15,6,720,4272,12347,1000005,debit,700001
10000000801,buy,10000003,2020-08-06,2020-08-07,9,712,6084,12347,1000001,debit,560001
10000000802,buy,10000012,2020-08-07,2020-08-10,10,990,9800,12348,1000005,cash,700001
10000000803,buy,10000007,2020-08-07,2020-08-16,2,1320,2428,12345,1000002,credit,400001
10000000804,buy,10000013,2020-08-07,2020-08-09,3,712,1986,12347,1000006,credit,400001
10000000805,buy,10000009,2020-08-07,2020-08-15,5,72000,349200,12349,1000003,credit,500001
10000000806,buy,10000008,2020-08-08,2020-08-10,4,784,3008,12347,1000001,netbanking,560001
10000000807,buy,10000004,2020-08-08,2020-08-13,1,69000,66930,12349,1000001,debit,560001
10000000808,buy,10000014,2020-08-08,2020-08-17,1,833,783,12350,1000006,credit,400001
10000000809,buy,10000010,2020-08-08,2020-08-12,6,75200,437664,12346,1000006,cash,400001
10000000810,buy,10000004,2020-08-09,2020-08-11,6,913,4926,12348,1000009,credit,400001
10000000811,buy,10000012,2020-08-09,2020-08-16,1,664,637,12347,1000010,debit,600001
10000000812,buy,10000002,2020-08-10,2020-08-16,7,1335,9156,12345,1000002,netbanking,400001
10000000813,buy,10000007,2020-08-10,2020-08-20,4,77600,294880,12346,1000003,credit,500001
10000000814,buy,10000009,2020-08-10,2020-08-17,2,1470,2880,12345,1000009,netbanking,400001
10000000815,buy,10000001,2020-08-10,2020-08-11,6,773,4266,12350,1000006,debit,400001
10000000816,buy,10000011,2020-08-11,2020-08-17,6,73500,432180,12349,1000009,credit,400001
10000000817,buy,10000007,2020-08-11,2020-08-17,4,1440,5296,12345,1000006,cash,400001
10000000818,buy,10000009,2020-08-12,2020-08-17,3,833,2424,12350,1000004,credit,400001
10000000819,buy,10000008,2020-08-12,2020-08-17,3,75200,205296,12346,1000004,debit,400001
10000000820,buy,10000001,2020-08-12,2020-08-16,5,68800,323360,12346,1000009,netbanking,400001
10000000821,buy,10000006,2020-08-12,2020-08-17,10,990,9400,12348,1000002,debit,400001
10000000822,buy,10000007,2020-08-13,2020-08-21,9,776,6840,12347,1000001,credit,560001
10000000823,buy,10000004,2020-08-13,2020-08-17,3,63750,185511,12349,1000009,cash,400001
10000000824,buy,10000012,2020-08-14,2020-08-18,7,720,4585,12347,1000009,cash,400001
10000000825,buy,10000013,2020-08-14,2020-08-17,8,640,4608,12347,1000002,credit,400001
10000000826,buy,10000007,2020-08-14,2020-08-21,7,1410,9079,12345,1000010,debit,600001
10000000827,buy,10000011,2020-08-15,2020-08-17,6,1305,7122,12345,1000008,debit,110001
10000000828,buy,10000009,2020-08-15,2020-08-25,2,705,1352,12350,1000009,cash,400001
10000000829,buy,10000009,2020-08-15,2020-08-22,1,720,669,12347,1000009,debit,400001
10000000830,buy,10000001,2020-08-15,2020-08-16,7,1245,8274,12345,1000010,credit,600001
10000000831,buy,10000003,2020-08-16,2020-08-19,5,76800,360960,12346,1000008,credit,110001
10000000832,buy,10000009,2020-08-16,2020-08-18,7,728,4886,12347,1000001,cash,560001
10000000833,buy,10000014,2020-08-16,2020-08-23,4,968,3832,12348,1000006,debit,400001
10000000834,buy,10000012,2020-08-16,2020-08-20,3,79200,216216,12346,1000008,netbanking,110001
10000000835,buy,10000004,2020-08-17,2020-08-21,5,1012,4755,12348,1000001,credit,560001
10000000836,buy,10000004,2020-08-17,2020-08-24,9,71250,577125,12349,1000010,debit,600001
10000000837,buy,10000009,2020-08-17,2020-08-22,10,1335,12810,12345,1000010,netbanking,600001
10000000837,return,10000009,2020-08-24,2020-08-28,10,1335,-12810,12345,1000010,netbanking,600001
10000000838,buy,10000001,2020-08-17,2020-08-22,2,1200,2280,12345,1000008,debit,110001
10000000839,buy,10000009,2020-08-18,2020-08-19,2,1215,2356,12345,1000007,credit,700001
10000000840,buy,10000009,2020-08-18,2020-08-22,6,64000,345600,12346,1000001,credit,560001
10000000841,buy,10000014,2020-08-18,2020-08-27,6,705,4056,12350,1000009,credit,400001
10000000842,buy,10000003,2020-08-18,2020-08-21,9,1078,9504,12348,1000010,netbanking,600001
10000000843,buy,10000009,2020-08-18,2020-08-23,10,70400,668800,12346,1000005,credit,700001
10000000844,buy,10000012,2020-08-19,2020-08-26,9,696,5949,12347,1000006,debit,400001
10000000845,buy,10000010,2020-08-19,2020-08-28,6,640,3648,12347,1000002,cash,400001
10000000846,buy,10000011,2020-08-19,2020-08-28,3,768,2073,12347,1000004,credit,400001
10000000847,buy,10000001,2020-08-20,2020-08-28,4,935,3664,12348,1000009,cash,400001
10000000848,buy,10000005,2020-08-20,2020-08-21,10,697,6550,12350,1000002,netbanking,400001
10000000849,buy,10000004,2020-08-20,2020-08-29,3,756,2061,12350,1000008,credit,110001
10000000849,return,10000004,2020-08-30,2020-09-04,3,756,-2061,12350,1000008,credit,110001
10000000850,buy,10000014,2020-08-20,2020-08-21,2,880,1724,12348,1000005,debit,700001
10000000851,buy,10000013,2020-08-21,2020-08-28,1,773,734,12350,1000009,credit,400001
10000000852,buy,10000001,2020-08-21,2020-08-28,5,640,3040,12347,1000003,cash,500001
10000000853,buy,10000010,2020-08-21,2020-08-29,3,60000,169200,12349,1000009,credit,400001
10000000854,buy,10000005,2020-08-21,2020-08-26,9,752,6624,12347,1000010,netbanking,600001
10000000855,buy,10000009,2020-08-22,2020-08-27,2,72000,132480,12349,1000009,cash,400001
10000000855,return,10000009,2020-08-28,2020-09-07,2,72000,-132480,12349,1000009,cash,400001
10000000856,buy,10000010,2020-08-22,2020-08-29,5,64500,309600,12349,1000006,netbanking,400001
10000000857,buy,10000002,2020-08-22,2020-08-28,10,946,8890,12348,1000006,debit,400001
10000000858,buy,10000005,2020-08-23,2020-08-27,1,728,720,12347,1000009,netbanking,400001
10000000859,buy,10000009,2020-08-23,2020-08-26,6,68800,400416,12346,1000002,cash,400001
10000000860,buy,10000012,2020-08-23,2020-09-02,9,1320,10809,12345,1000002,credit,400001
10000000861,buy,10000006,2020-08-23,2020-08-29,8,688,5448,12350,1000007,credit,700001
10000000862,buy,10000010,2020-08-24,2020-09-01,10,990,9500,12348,1000001,credit,560001
10000000863,buy,10000004,2020-08-24,2020-08-27,3,664,1872,12347,1000005,debit,700001
10000000864,buy,10000003,2020-08-24,2020-08-29,1,722,685,12350,1000006,netbanking,400001
10000000865,buy,10000002,2020-08-25,2020-08-30,4,1290,4900,12345,1000002,credit,400001
10000000866,buy,10000014,2020-08-25,2020-08-31,2,73600,139840,12346,1000003,credit,500001
10000000867,buy,10000007,2020-08-25,2020-08-30,9,1350,11178,12345,1000003,cash,500001
10000000868,buy,10000011,2020-08-26,2020-09-04,4,79200,291456,12346,1000002,netbanking,400001
10000000868,return,10000011,2020-09-05,2020-09-13,4,79200,-291456,12346,1000002,netbanking,400001
10000000869,buy,10000007,2020-08-26,2020-09-03,2,1485,2880,12345,1000005,credit,700001
10000000870,buy,10000003,2020-08-27,2020-08-30,5,957,4685,12348,1000009,debit,400001
10000000871,buy,10000012,2020-08-27,2020-08-30,4,1275,5048,12345,1000005,credit,700001
10000000872,buy,10000010,2020-08-27,2020-08-29,7,1305,8855,12345,1000007,credit,700001
10000000873,buy,10000003,2020-08-27,2020-08-28,10,66000,646800,12349,1000003,cash,500001
10000000874,buy,10000009,2020-08-27,2020-08-29,8,69600,551232,12346,1000003,cash,500001
10000000875,buy,10000013,2020-08-28,2020-08-29,3,64500,191565,12349,1000002,debit,400001
10000000876,buy,10000010,2020-08-28,2020-09-07,8,67500,523800,12349,1000003,cash,500001
10000000877,buy,10000001,2020-08-28,2020-09-01,4,1395,5188,12345,1000010,netbanking,600001
10000000878,buy,10000003,2020-08-29,2020-09-02,4,990,3840,12348,1000008,netbanking,110001
10000000879,buy,10000014,2020-08-29,2020-09-06,4,64000,240640,12346,1000002,cash,400001
10000000880,buy,10000009,2020-08-29,2020-08-30,8,78400,602112,12346,1000001,cash,560001
10000000881,buy,10000011,2020-08-29,2020-09-08,2,773,1452,12350,1000009,debit,400001
10000000882,buy,10000004,2020-08-30,2020-09-04,6,946,5274,12348,1000004,debit,400001
10000000883,buy,10000009,2020-08-30,2020-09-02,3,704,1962,12347,1000010,credit,600001
10000000884,buy,10000002,2020-08-30,2020-09-08,10,1485,13360,12345,1000003,cash,500001
10000000885,buy,10000003,2020-08-31,2020-09-10,5,69750,327825,12349,1000001,cash,560001
10000000886,buy,10000010,2020-08-31,2020-09-05,8,63000,483840,12349,1000004,netbanking,400001
10000000887,buy,10000003,2020-09-01,2020-09-03,5,816,4035,12350,1000006,debit,400001
10000000888,buy,10000013,2020-09-01,2020-09-02,4,756,2748,12350,1000002,cash,400001
10000000889,buy,10000009,2020-09-01,2020-09-09,3,64000,188160,12346,1000007,debit,700001
10000000890,buy,10000006,2020-09-01,2020-09-06,7,1410,9177,12345,1000010,debit,600001
10000000891,buy,10000013,2020-09-01,2020-09-09,4,946,3480,12348,1000005,credit,700001
10000000892,buy,10000012,2020-09-02,2020-09-12,9,782,6966,12350,1000004,credit,400001
10000000893,buy,10000012,2020-09-02,2020-09-12,6,77600,446976,12346,1000007,netbanking,700001
10000000894,buy,10000009,2020-09-02,2020-09-05,3,1320,3918,12345,1000004,credit,400001
10000000895,buy,10000011,2020-09-03,2020-09-08,6,739,4254,12350,1000003,debit,500001
10000000896,buy,10000004,2020-09-03,2020-09-05,6,792,4464,12347,1000004,cash,400001
10000000897,buy,10000013,2020-09-03,2020-09-05,4,935,3588,12348,1000009,netbanking,400001
10000000898,buy,10000009,2020-09-04,2020-09-12,8,64800,497664,12346,1000005,netbanking,700001
10000000899,buy,10000003,2020-09-04,2020-09-07,8,731,5432,12350,1000004,credit,400001
10000000900,buy,10000001,2020-09-04,2020-09-10,3,76800,211968,12346,1000007,debit,700001
10000000901,buy,10000009,2020-09-05,2020-09-07,1,1290,1238,12345,1000002,credit,400001
10000000901,return,10000009,2020-09-07,2020-09-08,1,1290,-1238,12345,1000002,credit,400001
10000000902,buy,10000002,2020-09-05,2020-09-10,10,891,8010,12348,1000001,netbanking,560001
10000000903,buy,10000001,2020-09-05,2020-09-06,5,64800,291600,12346,1000008,netbanking,110001
10000000904,buy,10000003,2020-09-05,2020-09-14,2,79200,142560,12346,1000001,netbanking,560001
10000000905,buy,10000002,2020-09-05,2020-09-06,6,70500,418770,12349,1000004,cash,400001
10000000906,buy,10000006,2020-09-06,2020-09-09,3,1056,3009,12348,1000009,debit,400001
10000000907,buy,10000002,2020-09-06,2020-09-09,6,1290,7350,12345,1000010,credit,600001
10000000908,buy,10000005,2020-09-06,2020-09-08,7,799,5257,12350,1000010,credit,600001
10000000909,buy,10000001,2020-09-06,2020-09-11,4,70500,279180,12349,1000002,netbanking,400001
10000000910,buy,10000004,2020-09-07,2020-09-15,6,71200,401568,12346,1000002,credit,400001
10000000911,buy,10000003,2020-09-07,2020-09-09,2,1012,1882,12348,1000006,cash,400001
10000000912,buy,10000003,2020-09-07,2020-09-16,9,1067,9117,12348,1000007,cash,700001
10000000913,buy,10000007,2020-09-07,2020-09-10,9,752,6156,12347,1000006,cash,400001
10000000914,buy,10000011,2020-09-08,2020-09-18,4,841,3328,12350,1000006,netbanking,400001
10000000915,buy,10000013,2020-09-08,2020-09-11,7,697,4683,12350,1000010,debit,600001
10000000916,buy,10000004,2020-09-08,2020-09-16,8,70400,512512,12346,1000005,credit,700001
10000000917,buy,10000013,2020-09-08,2020-09-16,5,968,4400,12348,1000003,debit,500001
10000000918,buy,10000002,2020-09-08,2020-09-13,8,968,7200,12348,1000009,credit,400001
10000000919,buy,10000014,2020-09-09,2020-09-10,7,776,5208,12347,1000008,credit,110001
10000000920,buy,10000004,2020-09-09,2020-09-18,5,75200,364720,12346,1000007,cash,700001
10000000921,buy,10000002,2020-09-09,2020-09-16,3,67200,183456,12346,1000009,netbanking,400001
10000000922,buy,10000003,2020-09-09,2020-09-15,1,697,690,12350,1000001,cash,560001
10000000923,buy,10000005,2020-09-10,2020-09-17,9,69600,607608,12346,1000003,debit,500001
10000000924,buy,10000002,2020-09-10,2020-09-17,2,680,1224,12350,1000004,debit,400001
10000000925,buy,10000002,2020-09-10,2020-09-20,2,1275,2498,12345,1000010,debit,600001
10000000926,buy,10000006,2020-09-11,2020-09-14,5,1425,6765,12345,1000003,credit,500001
10000000927,buy,10000009,2020-09-11,2020-09-18,8,688,5056,12347,1000010,cash,600001
10000000928,buy,10000012,2020-09-11,2020-09-21,7,72800,463736,12346,1000007,debit,700001
10000000929,buy,10000010,2020-09-12,2020-09-16,5,664,3220,12347,1000001,cash,560001
10000000930,buy,10000013,2020-09-12,2020-09-17,9,63000,527310,12349,1000004,debit,400001
10000000931,buy,10000010,2020-09-12,2020-09-14,4,1001,3800,12348,1000005,credit,700001
10000000932,buy,10000014,2020-09-12,2020-09-22,8,68000,527680,12346,1000007,credit,700001
10000000932,return,10000014,2020-09-23,2020-09-29,8,68000,-527680,12346,1000007,credit,700001
10000000933,buy,10000005,2020-09-13,2020-09-20,8,74250,552416,12349,1000010,netbanking,600001
10000000934,buy,10000001,2020-09-13,2020-09-22,8,63000,493920,12349,1000009,cash,400001
10000000935,buy,10000001,2020-09-13,2020-09-22,5,880,4355,12348,1000007,debit,700001
10000000936,buy,10000004,2020-09-14,2020-09-20,9,1045,8550,12348,1000004,debit,400001
10000000937,buy,10000007,2020-09-14,2020-09-21,8,705,5408,12350,1000002,credit,400001
10000000938,buy,10000005,2020-09-14,2020-09-17,5,63750,296435,12349,1000005,cash,700001
10000000939,buy,10000014,2020-09-14,2020-09-18,7,1470,9772,12345,1000008,netbanking,110001
10000000940,buy,10000001,2020-09-14,2020-09-19,1,78400,73696,12346,1000001,credit,560001
10000000941,buy,10000001,2020-09-15,2020-09-18,9,73600,596160,12346,1000007,debit,700001
10000000942,buy,10000012,2020-09-15,2020-09-24,9,66400,585648,12346,1000008,debit,110001
10000000943,buy,10000012,2020-09-15,2020-09-18,4,688,2528,12350,1000009,credit,400001
10000000944,buy,10000013,2020-09-15,2020-09-23,4,736,2852,12347,1000002,netbanking,400001
10000000945,buy,10000009,2020-09-16,2020-09-26,8,768,5768,12347,1000003,debit,500001
10000000946,buy,10000005,2020-09-16,2020-09-21,4,833,3296,12350,1000010,cash,600001
10000000947,buy,10000010,2020-09-16,2020-09-21,9,1395,11673,12345,1000005,debit,700001
10000000948,buy,10000001,2020-09-17,2020-09-23,10,688,6260,12347,1000007,debit,700001
10000000949,buy,10000013,2020-09-17,2020-09-19,7,72800,473928,12346,1000004,debit,400001
10000000950,buy,10000008,2020-09-18,2020-09-24,2,705,1324,12350,1000004,debit,400001
10000000950,return,10000008,2020-09-26,2020-10-03,2,705,-1324,12350,1000004,debit,400001
10000000951,buy,10000004,2020-09-18,2020-09-23,4,71200,264864,12346,1000010,credit,600001
10000000952,buy,10000005,2020-09-18,2020-09-23,9,62250,554643,12349,1000005,netbanking,700001
10000000953,buy,10000002,2020-09-18,2020-09-28,10,748,7330,12350,1000006,cash,400001
10000000954,buy,10000014,2020-09-19,2020-09-28,8,935,7176,12348,1000001,credit,560001
10000000955,buy,10000005,2020-09-19,2020-09-23,3,816,2373,12350,1000002,cash,400001
10000000956,buy,10000003,2020-09-19,2020-09-20,1,69600,68208,12346,1000007,debit,700001
10000000957,buy,10000010,2020-09-19,2020-09-24,2,768,1396,12347,1000001,credit,560001
10000000958,buy,10000012,2020-09-20,2020-09-30,8,1440,11168,12345,1000002,credit,400001
10000000959,buy,10000011,2020-09-20,2020-09-25,7,1485,9457,12345,1000002,netbanking,400001
10000000960,buy,10000009,2020-09-20,2020-09-28,3,70500,209385,12349,1000004,cash,400001
10000000961,buy,10000007,2020-09-21,2020-09-28,10,1455,13530,12345,1000004,debit,400001
10000000962,buy,10000001,2020-09-21,2020-09-29,9,728,6021,12347,1000001,cash,560001
10000000963,buy,10000013,2020-09-21,2020-10-01,7,1410,9373,12345,1000006,netbanking,400001
10000000964,buy,10000009,2020-09-21,2020-09-22,10,79200,768240,12346,1000008,credit,110001
10000000964,return,10000009,2020-09-25,2020-09-28,10,79200,-768240,12346,1000008,credit,110001
10000000965,buy,10000004,2020-09-21,2020-09-25,7,824,5537,12350,1000001,credit,560001
10000000966,buy,10000009,2020-09-22,2020-09-30,7,68250,429975,12349,1000005,credit,700001
10000000967,buy,10000006,2020-09-22,2020-09-28,7,1305,9037,12345,1000003,debit,500001
10000000968,buy,10000006,2020-09-23,2020-09-28,8,60000,432000,12349,1000002,cash,400001
10000000969,buy,10000003,2020-09-23,2020-09-25,1,65250,63292,12349,1000010,netbanking,600001
10000000970,buy,10000010,2020-09-23,2020-10-03,10,1320,12010,12345,1000010,debit,600001
10000000971,buy,10000008,2020-09-23,2020-09-26,9,924,7731,12348,1000008,credit,110001
10000000972,buy,10000012,2020-09-23,2020-09-25,10,714,6990,12350,1000010,cash,600001
10000000973,buy,10000004,2020-09-24,2020-09-27,4,68800,269696,12346,1000007,cash,700001
10000000974,buy,10000003,2020-09-24,2020-09-27,10,73600,721280,12346,1000007,cash,700001
10000000975,buy,10000002,2020-09-25,2020-09-28,4,680,2584,12347,1000006,cash,400001
10000000976,buy,10000003,2020-09-25,2020-10-01,2,799,1454,12350,1000009,cash,400001
10000000977,buy,10000009,2020-09-25,2020-10-02,9,1078,9603,12348,1000001,debit,560001
10000000978,buy,10000001,2020-09-25,2020-10-02,4,768,2824,12347,1000009,netbanking,400001
10000000978,return,10000001,2020-10-02,2020-10-10,4,768,-2824,12347,1000009,netbanking,400001
10000000979,buy,10000007,2020-09-26,2020-09-29,3,722,2013,12350,1000008,credit,110001
10000000980,buy,10000005,2020-09-26,2020-10-03,2,72750,144044,12349,1000006,debit,400001
10000000981,buy,10000012,2020-09-27,2020-10-05,9,1045,8838,12348,1000006,debit,400001
10000000982,buy,10000004,2020-09-27,2020-10-01,3,1455,4101,12345,1000007,credit,700001
10000000983,buy,10000002,2020-09-27,2020-10-03,3,731,2169,12350,1000004,netbanking,400001
10000000984,buy,10000011,2020-09-27,2020-09-30,5,1440,6620,12345,1000005,cash,700001
10000000985,buy,10000013,2020-09-28,2020-10-02,4,60000,220800,12349,1000008,netbanking,110001
10000000986,buy,10000010,2020-09-28,2020-10-06,1,957,937,12348,1000005,cash,700001
10000000987,buy,10000007,2020-09-28,2020-09-29,8,69750,535680,12349,1000005,debit,700001
10000000988,buy,10000011,2020-09-28,2020-10-04,9,765,6678,12350,1000010,credit,600001
10000000988,return,10000011,2020-10-05,2020-10-14,9,765,-6678,12350,1000010,credit,600001
10000000989,buy,10000010,2020-09-29,2020-10-08,6,1012,5886,12348,1000006,netbanking,400001
10000000990,buy,10000004,2020-09-29,2020-10-07,6,1034,6078,12348,1000010,cash,600001
10000000991,buy,10000002,2020-09-29,2020-10-07,10,66400,624160,12346,1000006,credit,400001
10000000992,buy,10000004,2020-09-29,2020-10-05,6,78400,428064,12346,1000009,credit,400001
10000000993,buy,10000009,2020-09-30,2020-10-02,3,64800,184680,12346,1000008,netbanking,110001
10000000994,buy,10000012,2020-09-30,2020-10-08,9,784,6345,12347,1000005,netbanking,700001
10000000995,buy,10000001,2020-09-30,2020-10-03,5,957,4545,12348,1000009,credit,400001
10000000996,buy,10000009,2020-10-01,2020-10-06,6,712,3930,12347,1000006,netbanking,400001
10000000996,return,10000009,2020-10-06,2020-10-17,6,712,-3930,12347,1000006,netbanking,400001
10000000997,buy,10000001,2020-10-01,2020-10-03,4,782,2812,12350,1000005,cash,700001
10000000998,buy,10000006,2020-10-01,2020-10-03,6,74250,436590,12349,1000001,credit,560001
10000000999,buy,10000001,2020-10-01,2020-10-07,3,946,2637,12348,1000007,netbanking,700001
10000001000,buy,10000001,2020-10-01,2020-10-03,9,61500,520290,12349,1000005,cash,700001
